"Title","URL","Description","og:latitude","og:longitude","og:locality","og:title","og:description","og:url","og:image","og:type","og:site_name","twitter:url","twitter:description","twitter:image","twitter:title","twitter:card","itemprop name","itemprop description","itemprop image","Title length","Description length"
"東京の女風・女性用風俗なら【東京裏彼氏】","https://urakare.jp/","東京の女風（女性用風俗）なら東京裏彼氏（裏カレ）。全国No.1セラピスト・ほまれが監修する研修を修了したイケメンセラピストが、ご自宅・ホテルへ出張。女風が初めてのお客様も安心のLINE24時間受付。23区全域＋近郊まで対応。","","","","東京の女風・女性用風俗なら【東京裏彼氏】","東京の女風（女性用風俗）なら東京裏彼氏（裏カレ）。全国No.1セラピスト・ほまれが監修する研修を修了したイケメンセラピストが、ご自宅・ホテルへ出張。女風が初めてのお客様も安心のLINE24時間受付。23区全域＋近郊まで対応。","https://urakare.jp","","website","","","東京の女風（女性用風俗）なら東京裏彼氏（裏カレ）。全国No.1セラピスト・ほまれが監修する研修を修了したイケメンセラピストが、ご自宅・ホテルへ出張。女風が初めてのお客様も安心のLINE24時間受付。23区全域＋近郊まで対応。","https://urakare.jp/og-urakare-2026.jpg","東京の女風・女性用風俗なら【東京裏彼氏】","summary_large_image","","","","20","112"
"プレジャーケア — 女性のセクシャルウェルネスとセルフケアのメディア｜ウラカレコラム | 東京の女風・女性用風俗なら【東京裏彼氏】","https://urakare.jp/column","プレジャーケアは、女性が自分を喜ばせる新しいケアの形。セクシャルウェルネスやセルフケアの実践を、2,000人の女性に向き合った現場プロの視点から、タブーなく品よくお届けします。ウラカレコラム。","","","","プレジャーケアのメディア｜ウラカレコラム","プレジャーケアは、女性が自分を喜ばせる新しいケアの形。セクシャルウェルネス・セルフプレジャー・セルフケアのリアルを、現場プロ×男目線でお届けする編集メディア。","","https://urakare.jp/brand/logo-og-1200x630.png","","","","プレジャーケアは、女性が自分を喜ばせる新しいケアの形。セクシャルウェルネス・セルフプレジャー・セルフケアのリアルを、現場プロ×男目線でお届けする編集メディア。","https://urakare.jp/brand/logo-og-1200x630.png","プレジャーケアのメディア｜ウラカレコラム","summary_large_image","","","","65","96"
"本日出勤のセラピスト｜東京の女風 | 東京の女風・女性用風俗なら【東京裏彼氏】","https://urakare.jp/today","東京裏彼氏の本日出勤中のセラピスト一覧です。出勤時間・プロフィールをご確認いただけます。","","","","本日出勤のセラピスト｜東京の女風","本日出勤中のセラピスト一覧。出勤時間・プロフィールをチェック。","","","","","","本日出勤中のセラピスト一覧。出勤時間・プロフィールをチェック。","https://urakare.jp/og-urakare-2026.jpg","本日出勤のセラピスト｜東京の女風","summary_large_image","","","","39","44"
"東京の女風セラピスト人気ランキング｜東京裏彼氏","https://urakare.jp/ranking?range=month","東京の女風（女性用風俗）「東京裏彼氏（裏カレ）」の人気セラピストランキング。指名ポイント・口コミにもとづく最新の順位をデイリー・ウィークリー・マンスリーで確認できます。","","","","東京の女風セラピスト人気ランキング | 東京裏彼氏","指名ポイント・口コミにもとづく最新の女風セラピストランキング。","https://urakare.jp/ranking","https://urakare.jp/og-urakare-2026.jpg","website","","","指名ポイント・口コミにもとづく最新の女風セラピストランキング。","https://urakare.jp/og-urakare-2026.jpg","東京の女風セラピスト人気ランキング | 東京裏彼氏","summary_large_image","","","","23","84"
"こだわり検索 | 東京裏彼氏 | 東京の女風・女性用風俗なら【東京裏彼氏】","https://urakare.jp/search","年齢・身長・イメージであなたにぴったりのセラピストを検索。","","","","女風・女性用風俗なら東京裏彼氏｜東京の出張マッサージ","全国No.1セラピスト・ほまれ監修。イケメンセラピストがご自宅・ホテルへ出張。女風が初めての方も安心のLINE24時間受付。","","https://urakare.jp/og-urakare-2026.jpg","","","","全国No.1セラピスト・ほまれ監修。イケメンセラピストがご自宅・ホテルへ出張。女風が初めての方も安心のLINE24時間受付。","https://urakare.jp/og-urakare-2026.jpg","女風・女性用風俗なら東京裏彼氏｜東京の出張マッサージ","summary_large_image","","","","37","29"
"東京の女風（女性用風俗）セラピスト一覧｜東京裏彼氏","https://urakare.jp/therapist","東京裏彼氏（裏カレ）に在籍する女風（女性用風俗）セラピストの一覧。年齢・身長・タイプ・口コミからお好みのセラピストを選んで指名できます。ご自宅・ホテルへ出張、東京23区＋近郊に対応。","","","","東京の女風セラピスト一覧｜東京裏彼氏","東京裏彼氏（裏カレ）在籍の女風セラピスト一覧。年齢・タイプ・口コミから選んで指名できます。","https://urakare.jp/therapist","","website","","","東京裏彼氏（裏カレ）在籍の女風セラピスト一覧。年齢・タイプ・口コミから選んで指名できます。","https://urakare.jp/og-urakare-2026.jpg","東京の女風セラピスト一覧｜東京裏彼氏","summary_large_image","","","","25","91"
"東京の女風・女性用風俗なら【東京裏彼氏】","https://urakare.jp/sokumen","東京の女風（女性用風俗）なら東京裏彼氏（裏カレ）。全国No.1セラピスト・ほまれが監修する研修を修了したイケメンセラピストが、ご自宅・ホテルへ出張。女風が初めてのお客様も安心のLINE24時間受付。23区全域＋近郊まで対応。","","","","女風・女性用風俗なら東京裏彼氏｜東京の出張マッサージ","全国No.1セラピスト・ほまれ監修。イケメンセラピストがご自宅・ホテルへ出張。女風が初めての方も安心のLINE24時間受付。","","https://urakare.jp/og-urakare-2026.jpg","","","","全国No.1セラピスト・ほまれ監修。イケメンセラピストがご自宅・ホテルへ出張。女風が初めての方も安心のLINE24時間受付。","https://urakare.jp/og-urakare-2026.jpg","女風・女性用風俗なら東京裏彼氏｜東京の出張マッサージ","summary_large_image","","","","20","112"
"初めての方へ｜女風の流れ・料金ガイド | 東京の女風・女性用風俗なら【東京裏彼氏】","https://urakare.jp/guide","女性用風俗が初めてで不安な方へ。料金の総額目安（約3万円〜）、予約から施術までの流れ、セラピストの選び方を分かりやすく解説。完全出張制・秘密厳守・女性限定。LINE相談だけでもOK。","","","","初めての方へ｜女風の流れ・料金ガイド","女性用風俗が初めてで不安な方へ。料金の総額目安（約3万円〜）、予約から施術までの流れ、セラピストの選び方を分かりやすく解説。完全出張制・秘密厳守・女性限定。LINE相談だけでもOK。","https://urakare.jp/guide","","website","","","女性用風俗が初めてで不安な方へ。料金の総額目安（約3万円〜）、予約から施術までの流れ、セラピストの選び方を分かりやすく解説。完全出張制・秘密厳守・女性限定。LINE相談だけでもOK。","https://urakare.jp/og-urakare-2026.jpg","初めての方へ｜女風の流れ・料金ガイド","summary_large_image","","","","41","91"
"女風の利用場所ガイド｜ホテル・自宅の選び方 | 東京の女風・女性用風俗なら【東京裏彼氏】","https://urakare.jp/location-guide","東京裏彼氏の利用場所ガイド。新宿・渋谷・池袋・錦糸町・恵比寿・六本木・麻布十番エリアのおすすめラブホテル一覧と、ご自宅利用のご案内。女性一人でも安心のホテル選び・チェックイン方法まで丁寧に解説。","","","","利用場所ガイド｜おすすめラブホテル＆ご自宅利用｜東京裏彼氏","新宿・渋谷・池袋・錦糸町・恵比寿・六本木・麻布十番のおすすめラブホテルと、ご自宅利用のご案内。女性一人でも安心のホテル選びガイド。","https://urakare.jp/location-guide","https://urakare.jp/og-urakare-2026.jpg","article","","","エリア別おすすめラブホテル＆ご自宅利用ガイド。女性一人でも安心。","https://urakare.jp/og-urakare-2026.jpg","利用場所ガイド｜東京裏彼氏","summary_large_image","","","","44","97"
"料金・コース一覧｜女風の料金表 | 東京の女風・女性用風俗なら【東京裏彼氏】","https://urakare.jp/pricing","女性用風俗・女風「東京裏彼氏」の料金・コース一覧。スタンダード90分¥16,000〜、お泊まり¥65,000〜。全セラピスト指名料無料・追加料金なし。コース料金+交通費のみのシンプル明朗会計。","","","","料金・コース一覧｜女風の料金表","全セラピスト指名料無料。コース料金+交通費のみのシンプル明朗会計。スタンダード90分¥16,000〜。","https://urakare.jp/pricing","","website","","","全セラピスト指名料無料。コース料金+交通費のみのシンプル明朗会計。スタンダード90分¥16,000〜。","https://urakare.jp/og-urakare-2026.jpg","料金・コース一覧｜女風の料金表","summary_large_image","","","","38","96"
"女風が初めてで怖い方へ｜31の不安にお答えします | 東京の女風・女性用風俗なら【東京裏彼氏】","https://urakare.jp/faq","東京裏彼氏（ウラカレ）に寄せられる31の質問と回答。料金総額（90分¥16,000〜＋交通費のみ）、予約から施術までの流れ、本番の有無、個人情報保護、セラピストの選び方を解説。指名料無料・追加料金なし・完全秘密厳守。","","","","女風が初めてで怖い方へ｜31の不安にお答えします","東京裏彼氏（ウラカレ）FAQ。料金総額（90分¥16,000〜）、施術の流れ、安全性など31の質問にお答えします。","https://urakare.jp/faq","https://urakare.jp/og-urakare-2026.jpg","article","","","東京裏彼氏（ウラカレ）FAQ。料金総額（90分¥16,000〜）、施術の流れ、安全性など31の質問にお答えします。","https://urakare.jp/og-urakare-2026.jpg","女風が初めてで怖い方へ｜31の不安にお答えします","summary_large_image","","","","47","108"
"東京の女風（女性用風俗）求人｜男性セラピスト募集","https://urakare.jp/recruit","東京都の女風（女性用風俗）で男性セラピストを募集する新店舗「東京裏彼氏」。創業メンバーとして、未経験から基礎研修とモニター女性との実践研修を受けられます。バック率最大90%・月収100万円超も可（完全歩合）・日払い・自由出勤・副業OK。","","","","東京の女風（女性用風俗）求人｜男性セラピスト募集","東京都の女風（女性用風俗）で男性セラピストを募集する新店舗「東京裏彼氏」。創業メンバーとして、未経験から基礎研修とモニター女性との実践研修を受けられます。バック率最大90%・月収100万円超も可（完全歩合）・日払い・自由出勤・副業OK。","https://urakare.jp/recruit","https://urakare.jp/og-recruit-2026.jpg","website","東京裏彼氏 - 女性用風俗","","東京都の女風（女性用風俗）で男性セラピストを募集する新店舗「東京裏彼氏」。創業メンバーとして、未経験から基礎研修とモニター女性との実践研修を受けられます。バック率最大90%・月収100万円超も可（完全歩合）・日払い・自由出勤・副業OK。","https://urakare.jp/og-recruit-2026.jpg","東京の女風（女性用風俗）求人｜男性セラピスト募集","summary_large_image","","","","24","118"
"","https://urakare.jp/reviews","","","","","","","","","","","","","","","","","","","0","0"
"女風モニター募集｜施術無料で研修生を育てる体験｜女性用風俗 東京裏彼氏","https://urakare.jp/monitor","東京裏彼氏の女風モニター募集。デビュー前の研修生セラピストの施術を無料で体験でき、あなたの評価が彼のデビューを決めます（ホテル代のみご負担）。歌舞伎町・池袋・渋谷。担当した彼がデビューしたら、デビュー記念に5,000円クーポンを進呈。女性用風俗が初めての方も歓迎。","","","","女風モニター募集｜施術無料で研修生を育てる体験｜女性用風俗 東京裏彼氏","東京裏彼氏の女風モニター募集。デビュー前の研修生セラピストの施術を無料で体験でき、あなたの評価が彼のデビューを決めます（ホテル代のみご負担）。歌舞伎町・池袋・渋谷。担当した彼がデビューしたら、デビュー記念に5,000円クーポンを進呈。女性用風俗が初めての方も歓迎。","https://urakare.jp/monitor","https://urakare.jp/og-monitor-free-2026.jpg","website","","","東京裏彼氏の女風モニター募集。デビュー前の研修生セラピストの施術を無料で体験でき、あなたの評価が彼のデビューを決めます（ホテル代のみご負担）。歌舞伎町・池袋・渋谷。担当した彼がデビューしたら、デビュー記念に5,000円クーポンを進呈。女性用風俗が初めての方も歓迎。","https://urakare.jp/og-monitor-free-2026.jpg","女風モニター募集｜施術無料で研修生を育てる体験｜女性用風俗 東京裏彼氏","summary_large_image","","","","35","132"
"友達紹介｜女風を友達と2人で利用すると¥5,000 OFF | 東京の女風・女性用風俗なら【東京裏彼氏】","https://urakare.jp/referral","女友達と一緒にウラカレを利用すると、ふたりとも¥5,000 OFF。LINEで予約・相談OK。初めての女性用風俗を「ふたり」で安心スタート。女風／女性用風俗／ペア利用／友達紹介。","","","","友達紹介｜女風を友達と2人で利用すると¥5,000 OFF","女友達と一緒にウラカレを利用すると、ふたりとも¥5,000 OFF。LINEで予約・相談OK。","https://urakare.jp/referral","https://urakare.jp/banner-referral.webp","website","","","女友達と一緒にウラカレを利用すると、ふたりとも¥5,000 OFF。LINEで予約・相談OK。","https://urakare.jp/banner-referral.webp","友達紹介｜女風を友達と2人で利用すると¥5,000 OFF","summary_large_image","","","","52","89"
"","https://urakare.jp/therapist/4","","","","","","","","","","","","","","","","","","","0","0"
"","https://urakare.jp/therapist/1","","","","","","","","","","","","","","","","","","","0","0"
"女風行ってみた｜1人目ハズレ、2人目で人生変わった体験談レポ | 東京の女風・女性用風俗なら【東京裏彼氏】","https://urakare.jp/column/interview/customer-interview-01","東京裏彼氏（ウラカレ）を利用した20代後半ミクさんのリアル体験談レポ。同じ日に2人のセラピストを呼び、1人目で「こんなもんか」、2人目で「これだ」と思った女風初体験。料金・流れ・正直な感想を本人の言葉でお届けします。","","","","女風行ってみた｜1人目ハズレ、2人目で人生変わった体験談レポ","東京裏彼氏（ウラカレ）を利用した20代後半ミクさんのリアル体験談レポ。同じ日に2人のセラピストを呼び、1人目で「こんなもんか」、2人目で「これだ」と思った女風初体験。料金・流れ・正直な感想を本人の言葉でお届けします。","","https://kemvfhztndsfrqqecfkf.supabase.co/storage/v1/object/public/column-images/customer-interview-01/og-image.webp?v=2","","","","東京裏彼氏（ウラカレ）を利用した20代後半ミクさんのリアル体験談レポ。同じ日に2人のセラピストを呼び、1人目で「こんなもんか」、2人目で「これだ」と思った女風初体験。料金・流れ・正直な感想を本人の言葉でお届けします。","https://kemvfhztndsfrqqecfkf.supabase.co/storage/v1/object/public/column-images/customer-interview-01/og-image.webp?v=2","女風行ってみた｜1人目ハズレ、2人目で人生変わった体験談レポ","summary_large_image","","","","53","108"
"「なんでもっと早く予約しなかったんだろう」｜離婚後に女風で変わった30代後半の体験談レポ | 東京の女風・女性用風俗なら【東京裏彼氏】","https://urakare.jp/column/interview/customer-interview-03","30代後半、離婚を経験して自信をなくしていたMさん。2〜3ヶ月迷った末に女性用風俗を初体験。「なんでもっと早く電話しなかったんだろう」――美意識の復活、自己肯定感の回復、人生が前に動き出した体験談。","","","","「なんでもっと早く予約しなかったんだろう」｜離婚後に女風で変わった30代後半の体験談レポ","30代後半、離婚を経験して自信をなくしていたMさん。2〜3ヶ月迷った末に女性用風俗を初体験。「なんでもっと早く電話しなかったんだろう」――美意識の復活、自己肯定感の回復、人生が前に動き出した体験談。","","https://kemvfhztndsfrqqecfkf.supabase.co/storage/v1/object/public/column-images/customer-interview-03/og-image.webp","","","","30代後半、離婚を経験して自信をなくしていたMさん。2〜3ヶ月迷った末に女性用風俗を初体験。「なんでもっと早く電話しなかったんだろう」――美意識の復活、自己肯定感の回復、人生が前に動き出した体験談。","https://kemvfhztndsfrqqecfkf.supabase.co/storage/v1/object/public/column-images/customer-interview-03/og-image.webp","「なんでもっと早く予約しなかったんだろう」｜離婚後に女風で変わった30代後半の体験談レポ","summary_large_image","","","","67","99"
"'自分との約束を守れた日'から変わった｜女風レポ ミクさんインタビュー vol.2 | 東京の女風・女性用風俗なら【東京裏彼氏】","https://urakare.jp/column/interview/customer-interview-02","「推しの隣にふさわしい自分でいたい」――女性用風俗を利用してから、お花・ランニング・ジム・美容クリニックと自分磨きの連鎖が止まらなくなったミクさん（20代後半）のvol.2。自己肯定感が生まれる過程をリアルに語ります。","","","","'自分との約束を守れた日'から変わった｜女風レポ ミクさんインタビュー vol.2","「推しの隣にふさわしい自分でいたい」――女性用風俗を利用してから、お花・ランニング・ジム・美容クリニックと自分磨きの連鎖が止まらなくなったミクさん（20代後半）のvol.2。自己肯定感が生まれる過程をリアルに語ります。","","https://kemvfhztndsfrqqecfkf.supabase.co/storage/v1/object/public/column-images/customer-interview-02/og-image.webp","","","","「推しの隣にふさわしい自分でいたい」――女性用風俗を利用してから、お花・ランニング・ジム・美容クリニックと自分磨きの連鎖が止まらなくなったミクさん（20代後半）のvol.2。自己肯定感が生まれる過程をリアルに語ります。","https://kemvfhztndsfrqqecfkf.supabase.co/storage/v1/object/public/column-images/customer-interview-02/og-image.webp","'自分との約束を守れた日'から変わった｜女風レポ ミクさんインタビュー vol.2","summary_large_image","","","","64","109"
"旦那の風俗発覚、どうする？｜女性用風俗で離婚を決めた37歳の女風レポ | 東京の女風・女性用風俗なら【東京裏彼氏】","https://urakare.jp/column/interview/customer-interview-04","旦那の風俗発覚から離婚まで7ヶ月。別居中、友達の誕生日プレゼントに女性用風俗（女風）をニコイチ利用した37歳エステ経営者アヤさんの体験談レポ。罪悪感ゼロが離婚の確証になった瞬間と、1年半通い続ける今。","","","","旦那の風俗発覚、どうする？｜女性用風俗で離婚を決めた37歳の女風レポ","旦那の風俗発覚から離婚まで7ヶ月。別居中、友達の誕生日プレゼントに女性用風俗（女風）をニコイチ利用した37歳エステ経営者アヤさんの体験談レポ。罪悪感ゼロが離婚の確証になった瞬間と、1年半通い続ける今。","","https://kemvfhztndsfrqqecfkf.supabase.co/storage/v1/object/public/column-images/customer-interview-04/og-image.webp?v=2","","","","旦那の風俗発覚から離婚まで7ヶ月。別居中、友達の誕生日プレゼントに女性用風俗（女風）をニコイチ利用した37歳エステ経営者アヤさんの体験談レポ。罪悪感ゼロが離婚の確証になった瞬間と、1年半通い続ける今。","https://kemvfhztndsfrqqecfkf.supabase.co/storage/v1/object/public/column-images/customer-interview-04/og-image.webp?v=2","旦那の風俗発覚、どうする？｜女性用風俗で離婚を決めた37歳の女風レポ","summary_large_image","","","","57","100"
"女性用風俗（女風）とは何？流れ・料金・本番の有無を2,000人施術の現役オーナーが正直に答えます | 東京の女風・女性用風俗なら【東京裏彼氏】","https://urakare.jp/column/jofu-guide/hajimete-guide","女性用風俗（女風・じょふう）とは何をするところ？本番の有無・当日の流れ・所要時間・ホテル代込みの総額相場まで、全国No.1を2年連続受賞・2,000人施術の現役オーナーが正直に答えます。","","","","女性用風俗（女風）とは何？流れ・料金・本番の有無を2,000人施術の現役オーナーが正直に答えます","女性用風俗（女風・じょふう）とは何をするところ？本番の有無・当日の流れ・所要時間・ホテル代込みの総額相場まで、全国No.1を2年連続受賞・2,000人施術の現役オーナーが正直に答えます。","","https://kemvfhztndsfrqqecfkf.supabase.co/storage/v1/object/public/column-images/hajimete-guide/og-image.jpg","","","","女性用風俗（女風・じょふう）とは何をするところ？本番の有無・当日の流れ・所要時間・ホテル代込みの総額相場まで、全国No.1を2年連続受賞・2,000人施術の現役オーナーが正直に答えます。","https://kemvfhztndsfrqqecfkf.supabase.co/storage/v1/object/public/column-images/hajimete-guide/og-image.jpg","女性用風俗（女風）とは何？流れ・料金・本番の有無を2,000人施術の現役オーナーが正直に答えます","summary_large_image","","","","71","93"
"女性用風俗のお店選び完全ガイド｜業界の中の人が教える、安全な店・危ない店の見分け方 | 東京の女風・女性用風俗なら【東京裏彼氏】","https://urakare.jp/column/jofu-guide/jofu-shop-guide","女性用風俗の選び方を業界オーナーが本音で解説。安全なお店を見抜く8つのチェックポイント、避けるべき危険信号、口コミの見分け方まで。初めてでも安心して選べる完全ガイド。","","","","女性用風俗のお店選び完全ガイド｜業界の中の人が教える、安全な店・危ない店の見分け方","女性用風俗の選び方を業界オーナーが本音で解説。安全なお店を見抜く8つのチェックポイント、避けるべき危険信号、口コミの見分け方まで。初めてでも安心して選べる完全ガイド。","","https://kemvfhztndsfrqqecfkf.supabase.co/storage/v1/object/public/column-images/jofu-shop-guide/og-image.jpg","","","","女性用風俗の選び方を業界オーナーが本音で解説。安全なお店を見抜く8つのチェックポイント、避けるべき危険信号、口コミの見分け方まで。初めてでも安心して選べる完全ガイド。","https://kemvfhztndsfrqqecfkf.supabase.co/storage/v1/object/public/column-images/jofu-shop-guide/og-image.jpg","女性用風俗のお店選び完全ガイド｜業界の中の人が教える、安全な店・危ない店の見分け方","summary_large_image","","","","64","83"
"旦那や彼氏がいるのに女性用風俗（女風）は浮気? その罪悪感を、2,000人を接客した全国No.1現役セラピストが正直に答えます | 東京の女風・女性用風俗なら【東京裏彼氏】","https://urakare.jp/column/jofu-guide/partner-jofu","旦那や彼氏がいるのに女性用風俗を使うのは浮気？ 罪悪感の正体を、2,000人以上を担当した全国No.1現役セラピストが現場の本音で正直に答えます。既婚・彼氏持ち女性の6〜8割が来てくれる現場のリアルを、優しく分かりやすく。","","","","旦那や彼氏がいるのに女性用風俗（女風）は浮気? その罪悪感を、2,000人を接客した全国No.1現役セラピストが正直に答えます","旦那や彼氏がいるのに女性用風俗を使うのは浮気？ 罪悪感の正体を、2,000人以上を担当した全国No.1現役セラピストが現場の本音で正直に答えます。既婚・彼氏持ち女性の6〜8割が来てくれる現場のリアルを、優しく分かりやすく。","","https://kemvfhztndsfrqqecfkf.supabase.co/storage/v1/object/public/column-images/partner-jofu/og-image.webp?v=2","","","","旦那や彼氏がいるのに女性用風俗を使うのは浮気？ 罪悪感の正体を、2,000人以上を担当した全国No.1現役セラピストが現場の本音で正直に答えます。既婚・彼氏持ち女性の6〜8割が来てくれる現場のリアルを、優しく分かりやすく。","https://kemvfhztndsfrqqecfkf.supabase.co/storage/v1/object/public/column-images/partner-jofu/og-image.webp?v=2","旦那や彼氏がいるのに女性用風俗（女風）は浮気? その罪悪感を、2,000人を接客した全国No.1現役セラピストが正直に答えます","summary_large_image","","","","86","111"
"ドラマ『ジョフウ』で話題の女性用風俗、実際はどう？｜原作の取材を受けた現役オーナーが語る | 東京の女風・女性用風俗なら【東京裏彼氏】","https://urakare.jp/column/jofu-guide/jofu-drama-reality","テレ東ドラマ『ジョフウ』を観て女性用風俗（女風）に興味を持った方へ。原作漫画の取材を受けた現役オーナーが、ドラマと現実の5つの違い・リアルな現場のエピソード・安全な利用方法まで正直にお話しします。","","","","ドラマ『ジョフウ』で話題の女性用風俗、実際はどう？｜原作の取材を受けた現役オーナーが語る","テレ東ドラマ『ジョフウ』を観て女性用風俗（女風）に興味を持った方へ。原作漫画の取材を受けた現役オーナーが、ドラマと現実の5つの違い・リアルな現場のエピソード・安全な利用方法まで正直にお話しします。","","https://urakare.jp/images/column/jofu-drama-reality/hero.jpg","","","","テレ東ドラマ『ジョフウ』を観て女性用風俗（女風）に興味を持った方へ。原作漫画の取材を受けた現役オーナーが、ドラマと現実の5つの違い・リアルな現場のエピソード・安全な利用方法まで正直にお話しします。","https://urakare.jp/images/column/jofu-drama-reality/hero.jpg","ドラマ『ジョフウ』で話題の女性用風俗、実際はどう？｜原作の取材を受けた現役オーナーが語る","summary_large_image","","","","67","98"
"女性用風俗の当日の流れ｜予約〜退室まで完全シミュレーション | 東京の女風・女性用風俗なら【東京裏彼氏】","https://urakare.jp/column/jofu-guide/jofu-day-flow","女性用風俗の当日の流れを、現役オーナーが予約〜退室まで完全シミュレーション。持ち物・服装・ホテル選び・シャワー・お金の渡し方まで。初めてでも安心の完全ガイド。","","","","女性用風俗の当日の流れ｜予約〜退室まで完全シミュレーション","女性用風俗の当日の流れを、現役オーナーが予約〜退室まで完全シミュレーション。持ち物・服装・ホテル選び・シャワー・お金の渡し方まで。初めてでも安心の完全ガイド。","","https://kemvfhztndsfrqqecfkf.supabase.co/storage/v1/object/public/column-images/jofu-day-flow/og-image.jpg","","","","女性用風俗の当日の流れを、現役オーナーが予約〜退室まで完全シミュレーション。持ち物・服装・ホテル選び・シャワー・お金の渡し方まで。初めてでも安心の完全ガイド。","https://kemvfhztndsfrqqecfkf.supabase.co/storage/v1/object/public/column-images/jofu-day-flow/og-image.jpg","女性用風俗の当日の流れ｜予約〜退室まで完全シミュレーション","summary_large_image","","","","52","79"
"こだわり検索 | 東京裏彼氏 | 東京の女風・女性用風俗なら【東京裏彼氏】","https://urakare.jp/search?area=新宿","年齢・身長・イメージであなたにぴったりのセラピストを検索。","","","","女風・女性用風俗なら東京裏彼氏｜東京の出張マッサージ","全国No.1セラピスト・ほまれ監修。イケメンセラピストがご自宅・ホテルへ出張。女風が初めての方も安心のLINE24時間受付。","","https://urakare.jp/og-urakare-2026.jpg","","","","全国No.1セラピスト・ほまれ監修。イケメンセラピストがご自宅・ホテルへ出張。女風が初めての方も安心のLINE24時間受付。","https://urakare.jp/og-urakare-2026.jpg","女風・女性用風俗なら東京裏彼氏｜東京の出張マッサージ","summary_large_image","","","","37","29"
"こだわり検索 | 東京裏彼氏 | 東京の女風・女性用風俗なら【東京裏彼氏】","https://urakare.jp/search?area=渋谷","年齢・身長・イメージであなたにぴったりのセラピストを検索。","","","","女風・女性用風俗なら東京裏彼氏｜東京の出張マッサージ","全国No.1セラピスト・ほまれ監修。イケメンセラピストがご自宅・ホテルへ出張。女風が初めての方も安心のLINE24時間受付。","","https://urakare.jp/og-urakare-2026.jpg","","","","全国No.1セラピスト・ほまれ監修。イケメンセラピストがご自宅・ホテルへ出張。女風が初めての方も安心のLINE24時間受付。","https://urakare.jp/og-urakare-2026.jpg","女風・女性用風俗なら東京裏彼氏｜東京の出張マッサージ","summary_large_image","","","","37","29"
"こだわり検索 | 東京裏彼氏 | 東京の女風・女性用風俗なら【東京裏彼氏】","https://urakare.jp/search?area=銀座","年齢・身長・イメージであなたにぴったりのセラピストを検索。","","","","女風・女性用風俗なら東京裏彼氏｜東京の出張マッサージ","全国No.1セラピスト・ほまれ監修。イケメンセラピストがご自宅・ホテルへ出張。女風が初めての方も安心のLINE24時間受付。","","https://urakare.jp/og-urakare-2026.jpg","","","","全国No.1セラピスト・ほまれ監修。イケメンセラピストがご自宅・ホテルへ出張。女風が初めての方も安心のLINE24時間受付。","https://urakare.jp/og-urakare-2026.jpg","女風・女性用風俗なら東京裏彼氏｜東京の出張マッサージ","summary_large_image","","","","37","29"
"こだわり検索 | 東京裏彼氏 | 東京の女風・女性用風俗なら【東京裏彼氏】","https://urakare.jp/search?area=六本木","年齢・身長・イメージであなたにぴったりのセラピストを検索。","","","","女風・女性用風俗なら東京裏彼氏｜東京の出張マッサージ","全国No.1セラピスト・ほまれ監修。イケメンセラピストがご自宅・ホテルへ出張。女風が初めての方も安心のLINE24時間受付。","","https://urakare.jp/og-urakare-2026.jpg","","","","全国No.1セラピスト・ほまれ監修。イケメンセラピストがご自宅・ホテルへ出張。女風が初めての方も安心のLINE24時間受付。","https://urakare.jp/og-urakare-2026.jpg","女風・女性用風俗なら東京裏彼氏｜東京の出張マッサージ","summary_large_image","","","","37","29"
"こだわり検索 | 東京裏彼氏 | 東京の女風・女性用風俗なら【東京裏彼氏】","https://urakare.jp/search?area=表参道","年齢・身長・イメージであなたにぴったりのセラピストを検索。","","","","女風・女性用風俗なら東京裏彼氏｜東京の出張マッサージ","全国No.1セラピスト・ほまれ監修。イケメンセラピストがご自宅・ホテルへ出張。女風が初めての方も安心のLINE24時間受付。","","https://urakare.jp/og-urakare-2026.jpg","","","","全国No.1セラピスト・ほまれ監修。イケメンセラピストがご自宅・ホテルへ出張。女風が初めての方も安心のLINE24時間受付。","https://urakare.jp/og-urakare-2026.jpg","女風・女性用風俗なら東京裏彼氏｜東京の出張マッサージ","summary_large_image","","","","37","29"
"こだわり検索 | 東京裏彼氏 | 東京の女風・女性用風俗なら【東京裏彼氏】","https://urakare.jp/search?area=恵比寿","年齢・身長・イメージであなたにぴったりのセラピストを検索。","","","","女風・女性用風俗なら東京裏彼氏｜東京の出張マッサージ","全国No.1セラピスト・ほまれ監修。イケメンセラピストがご自宅・ホテルへ出張。女風が初めての方も安心のLINE24時間受付。","","https://urakare.jp/og-urakare-2026.jpg","","","","全国No.1セラピスト・ほまれ監修。イケメンセラピストがご自宅・ホテルへ出張。女風が初めての方も安心のLINE24時間受付。","https://urakare.jp/og-urakare-2026.jpg","女風・女性用風俗なら東京裏彼氏｜東京の出張マッサージ","summary_large_image","","","","37","29"
"こだわり検索 | 東京裏彼氏 | 東京の女風・女性用風俗なら【東京裏彼氏】","https://urakare.jp/search?area=赤坂","年齢・身長・イメージであなたにぴったりのセラピストを検索。","","","","女風・女性用風俗なら東京裏彼氏｜東京の出張マッサージ","全国No.1セラピスト・ほまれ監修。イケメンセラピストがご自宅・ホテルへ出張。女風が初めての方も安心のLINE24時間受付。","","https://urakare.jp/og-urakare-2026.jpg","","","","全国No.1セラピスト・ほまれ監修。イケメンセラピストがご自宅・ホテルへ出張。女風が初めての方も安心のLINE24時間受付。","https://urakare.jp/og-urakare-2026.jpg","女風・女性用風俗なら東京裏彼氏｜東京の出張マッサージ","summary_large_image","","","","37","29"
"こだわり検索 | 東京裏彼氏 | 東京の女風・女性用風俗なら【東京裏彼氏】","https://urakare.jp/search?area=上野","年齢・身長・イメージであなたにぴったりのセラピストを検索。","","","","女風・女性用風俗なら東京裏彼氏｜東京の出張マッサージ","全国No.1セラピスト・ほまれ監修。イケメンセラピストがご自宅・ホテルへ出張。女風が初めての方も安心のLINE24時間受付。","","https://urakare.jp/og-urakare-2026.jpg","","","","全国No.1セラピスト・ほまれ監修。イケメンセラピストがご自宅・ホテルへ出張。女風が初めての方も安心のLINE24時間受付。","https://urakare.jp/og-urakare-2026.jpg","女風・女性用風俗なら東京裏彼氏｜東京の出張マッサージ","summary_large_image","","","","37","29"
"こだわり検索 | 東京裏彼氏 | 東京の女風・女性用風俗なら【東京裏彼氏】","https://urakare.jp/search?area=池袋","年齢・身長・イメージであなたにぴったりのセラピストを検索。","","","","女風・女性用風俗なら東京裏彼氏｜東京の出張マッサージ","全国No.1セラピスト・ほまれ監修。イケメンセラピストがご自宅・ホテルへ出張。女風が初めての方も安心のLINE24時間受付。","","https://urakare.jp/og-urakare-2026.jpg","","","","全国No.1セラピスト・ほまれ監修。イケメンセラピストがご自宅・ホテルへ出張。女風が初めての方も安心のLINE24時間受付。","https://urakare.jp/og-urakare-2026.jpg","女風・女性用風俗なら東京裏彼氏｜東京の出張マッサージ","summary_large_image","","","","37","29"
"こだわり検索 | 東京裏彼氏 | 東京の女風・女性用風俗なら【東京裏彼氏】","https://urakare.jp/search?area=浅草","年齢・身長・イメージであなたにぴったりのセラピストを検索。","","","","女風・女性用風俗なら東京裏彼氏｜東京の出張マッサージ","全国No.1セラピスト・ほまれ監修。イケメンセラピストがご自宅・ホテルへ出張。女風が初めての方も安心のLINE24時間受付。","","https://urakare.jp/og-urakare-2026.jpg","","","","全国No.1セラピスト・ほまれ監修。イケメンセラピストがご自宅・ホテルへ出張。女風が初めての方も安心のLINE24時間受付。","https://urakare.jp/og-urakare-2026.jpg","女風・女性用風俗なら東京裏彼氏｜東京の出張マッサージ","summary_large_image","","","","37","29"
"こだわり検索 | 東京裏彼氏 | 東京の女風・女性用風俗なら【東京裏彼氏】","https://urakare.jp/search?area=品川","年齢・身長・イメージであなたにぴったりのセラピストを検索。","","","","女風・女性用風俗なら東京裏彼氏｜東京の出張マッサージ","全国No.1セラピスト・ほまれ監修。イケメンセラピストがご自宅・ホテルへ出張。女風が初めての方も安心のLINE24時間受付。","","https://urakare.jp/og-urakare-2026.jpg","","","","全国No.1セラピスト・ほまれ監修。イケメンセラピストがご自宅・ホテルへ出張。女風が初めての方も安心のLINE24時間受付。","https://urakare.jp/og-urakare-2026.jpg","女風・女性用風俗なら東京裏彼氏｜東京の出張マッサージ","summary_large_image","","","","37","29"
"こだわり検索 | 東京裏彼氏 | 東京の女風・女性用風俗なら【東京裏彼氏】","https://urakare.jp/search?area=目黒","年齢・身長・イメージであなたにぴったりのセラピストを検索。","","","","女風・女性用風俗なら東京裏彼氏｜東京の出張マッサージ","全国No.1セラピスト・ほまれ監修。イケメンセラピストがご自宅・ホテルへ出張。女風が初めての方も安心のLINE24時間受付。","","https://urakare.jp/og-urakare-2026.jpg","","","","全国No.1セラピスト・ほまれ監修。イケメンセラピストがご自宅・ホテルへ出張。女風が初めての方も安心のLINE24時間受付。","https://urakare.jp/og-urakare-2026.jpg","女風・女性用風俗なら東京裏彼氏｜東京の出張マッサージ","summary_large_image","","","","37","29"
"こだわり検索 | 東京裏彼氏 | 東京の女風・女性用風俗なら【東京裏彼氏】","https://urakare.jp/search?area=中目黒","年齢・身長・イメージであなたにぴったりのセラピストを検索。","","","","女風・女性用風俗なら東京裏彼氏｜東京の出張マッサージ","全国No.1セラピスト・ほまれ監修。イケメンセラピストがご自宅・ホテルへ出張。女風が初めての方も安心のLINE24時間受付。","","https://urakare.jp/og-urakare-2026.jpg","","","","全国No.1セラピスト・ほまれ監修。イケメンセラピストがご自宅・ホテルへ出張。女風が初めての方も安心のLINE24時間受付。","https://urakare.jp/og-urakare-2026.jpg","女風・女性用風俗なら東京裏彼氏｜東京の出張マッサージ","summary_large_image","","","","37","29"
"こだわり検索 | 東京裏彼氏 | 東京の女風・女性用風俗なら【東京裏彼氏】","https://urakare.jp/search?area=代官山","年齢・身長・イメージであなたにぴったりのセラピストを検索。","","","","女風・女性用風俗なら東京裏彼氏｜東京の出張マッサージ","全国No.1セラピスト・ほまれ監修。イケメンセラピストがご自宅・ホテルへ出張。女風が初めての方も安心のLINE24時間受付。","","https://urakare.jp/og-urakare-2026.jpg","","","","全国No.1セラピスト・ほまれ監修。イケメンセラピストがご自宅・ホテルへ出張。女風が初めての方も安心のLINE24時間受付。","https://urakare.jp/og-urakare-2026.jpg","女風・女性用風俗なら東京裏彼氏｜東京の出張マッサージ","summary_large_image","","","","37","29"
"こだわり検索 | 東京裏彼氏 | 東京の女風・女性用風俗なら【東京裏彼氏】","https://urakare.jp/search?area=青山","年齢・身長・イメージであなたにぴったりのセラピストを検索。","","","","女風・女性用風俗なら東京裏彼氏｜東京の出張マッサージ","全国No.1セラピスト・ほまれ監修。イケメンセラピストがご自宅・ホテルへ出張。女風が初めての方も安心のLINE24時間受付。","","https://urakare.jp/og-urakare-2026.jpg","","","","全国No.1セラピスト・ほまれ監修。イケメンセラピストがご自宅・ホテルへ出張。女風が初めての方も安心のLINE24時間受付。","https://urakare.jp/og-urakare-2026.jpg","女風・女性用風俗なら東京裏彼氏｜東京の出張マッサージ","summary_large_image","","","","37","29"
"こだわり検索 | 東京裏彼氏 | 東京の女風・女性用風俗なら【東京裏彼氏】","https://urakare.jp/search?area=麻布十番","年齢・身長・イメージであなたにぴったりのセラピストを検索。","","","","女風・女性用風俗なら東京裏彼氏｜東京の出張マッサージ","全国No.1セラピスト・ほまれ監修。イケメンセラピストがご自宅・ホテルへ出張。女風が初めての方も安心のLINE24時間受付。","","https://urakare.jp/og-urakare-2026.jpg","","","","全国No.1セラピスト・ほまれ監修。イケメンセラピストがご自宅・ホテルへ出張。女風が初めての方も安心のLINE24時間受付。","https://urakare.jp/og-urakare-2026.jpg","女風・女性用風俗なら東京裏彼氏｜東京の出張マッサージ","summary_large_image","","","","37","29"
"こだわり検索 | 東京裏彼氏 | 東京の女風・女性用風俗なら【東京裏彼氏】","https://urakare.jp/search?area=横浜","年齢・身長・イメージであなたにぴったりのセラピストを検索。","","","","女風・女性用風俗なら東京裏彼氏｜東京の出張マッサージ","全国No.1セラピスト・ほまれ監修。イケメンセラピストがご自宅・ホテルへ出張。女風が初めての方も安心のLINE24時間受付。","","https://urakare.jp/og-urakare-2026.jpg","","","","全国No.1セラピスト・ほまれ監修。イケメンセラピストがご自宅・ホテルへ出張。女風が初めての方も安心のLINE24時間受付。","https://urakare.jp/og-urakare-2026.jpg","女風・女性用風俗なら東京裏彼氏｜東京の出張マッサージ","summary_large_image","","","","37","29"
"こだわり検索 | 東京裏彼氏 | 東京の女風・女性用風俗なら【東京裏彼氏】","https://urakare.jp/search?area=大宮","年齢・身長・イメージであなたにぴったりのセラピストを検索。","","","","女風・女性用風俗なら東京裏彼氏｜東京の出張マッサージ","全国No.1セラピスト・ほまれ監修。イケメンセラピストがご自宅・ホテルへ出張。女風が初めての方も安心のLINE24時間受付。","","https://urakare.jp/og-urakare-2026.jpg","","","","全国No.1セラピスト・ほまれ監修。イケメンセラピストがご自宅・ホテルへ出張。女風が初めての方も安心のLINE24時間受付。","https://urakare.jp/og-urakare-2026.jpg","女風・女性用風俗なら東京裏彼氏｜東京の出張マッサージ","summary_large_image","","","","37","29"
"利用規約 | 東京の女風・女性用風俗なら【東京裏彼氏】","https://urakare.jp/terms","東京裏彼氏のサービス利用規約です。ご利用前に必ずお読みください。","","","","女風・女性用風俗なら東京裏彼氏｜東京の出張マッサージ","全国No.1セラピスト・ほまれ監修。イケメンセラピストがご自宅・ホテルへ出張。女風が初めての方も安心のLINE24時間受付。","","https://urakare.jp/og-urakare-2026.jpg","","","","全国No.1セラピスト・ほまれ監修。イケメンセラピストがご自宅・ホテルへ出張。女風が初めての方も安心のLINE24時間受付。","https://urakare.jp/og-urakare-2026.jpg","女風・女性用風俗なら東京裏彼氏｜東京の出張マッサージ","summary_large_image","","","","27","32"
"プライバシーポリシー | 東京の女風・女性用風俗なら【東京裏彼氏】","https://urakare.jp/privacy","東京裏彼氏の個人情報保護方針です。お客様の個人情報の取り扱いについて説明しています。","","","","女風・女性用風俗なら東京裏彼氏｜東京の出張マッサージ","全国No.1セラピスト・ほまれ監修。イケメンセラピストがご自宅・ホテルへ出張。女風が初めての方も安心のLINE24時間受付。","","https://urakare.jp/og-urakare-2026.jpg","","","","全国No.1セラピスト・ほまれ監修。イケメンセラピストがご自宅・ホテルへ出張。女風が初めての方も安心のLINE24時間受付。","https://urakare.jp/og-urakare-2026.jpg","女風・女性用風俗なら東京裏彼氏｜東京の出張マッサージ","summary_large_image","","","","33","42"
"特定商取引法に基づく表記 | 東京の女風・女性用風俗なら【東京裏彼氏】","https://urakare.jp/tokushoho","東京裏彼氏の特定商取引法に基づく表記です。","","","","女風・女性用風俗なら東京裏彼氏｜東京の出張マッサージ","全国No.1セラピスト・ほまれ監修。イケメンセラピストがご自宅・ホテルへ出張。女風が初めての方も安心のLINE24時間受付。","","https://urakare.jp/og-urakare-2026.jpg","","","","全国No.1セラピスト・ほまれ監修。イケメンセラピストがご自宅・ホテルへ出張。女風が初めての方も安心のLINE24時間受付。","https://urakare.jp/og-urakare-2026.jpg","女風・女性用風俗なら東京裏彼氏｜東京の出張マッサージ","summary_large_image","","","","35","21"
"編集ポリシー｜ウラカレコラム — プレジャーケアのメディアの信念と基準 | 東京の女風・女性用風俗なら【東京裏彼氏】","https://urakare.jp/column/editorial-policy","ウラカレコラムの編集ポリシー。プレジャーケア（女性が自分を喜ばせる新しいケア）を提案するメディアとして、どのような基準・プロセスで記事を制作しているかを説明します。科学的エビデンスと2,000人以上の現場経験に基づく、信頼できるセクシャルウェルネス情報をお届けするための取り組み。","","","","編集ポリシー｜ウラカレコラム","プレジャーケアのメディア・ウラカレコラムの編集ポリシー。制作体制・品質基準・取り扱うテーマ/扱わないテーマを公開します。","","https://urakare.jp/og/column/editorial-policy-og.jpg","","","","プレジャーケアのメディア・ウラカレコラムの編集ポリシー。制作体制・品質基準・取り扱うテーマ/扱わないテーマを公開します。","https://urakare.jp/og-urakare-2026.jpg","編集ポリシー｜ウラカレコラム","summary_large_image","","","","58","140"
"セルフプレジャーのやり方・おすすめグッズ・悩み解決｜女性のための完全ガイド - ウラカレコラム | 東京の女風・女性用風俗なら【東京裏彼氏】","https://urakare.jp/column/self-pleasure","中イキ・外イキのやり方、一人でも気持ちいい方法、おすすめグッズ、「罪悪感」との向き合い方まで。女性のセルフプレジャーに関する正直な情報をタブーなしでお届けします。","","","","セルフプレジャーのやり方・おすすめグッズ・悩み解決｜女性のための完全ガイド - ウラカレコラム","中イキ・外イキのやり方、一人でも気持ちいい方法、おすすめグッズ、「罪悪感」との向き合い方まで。女性のセルフプレジャーに関する正直な情報をタブーなしでお届けします。","","","","","","中イキ・外イキのやり方、一人でも気持ちいい方法、おすすめグッズ、「罪悪感」との向き合い方まで。女性のセルフプレジャーに関する正直な情報をタブーなしでお届けします。","https://urakare.jp/og-urakare-2026.jpg","セルフプレジャーのやり方・おすすめグッズ・悩み解決｜女性のための完全ガイド - ウラカレコラム","summary_large_image","","","","70","81"
"女性用風俗（女風）はじめてガイド｜綺麗事を書かない総合案内所｜ウラカレコラム | 東京の女風・女性用風俗なら【東京裏彼氏】","https://urakare.jp/column/jofu-guide","「気になるけど怖い、ちょっと恥ずかしい」女風の入口に、僕たちから地図を。料金・当日の流れ・お店とセラピストの選び方、心の引っかかりまで。2,000人を担当した現役オーナーが、綺麗事を書かない総合案内所として正直に。","","","","女性用風俗（女風）はじめてガイド｜綺麗事を書かない総合案内所｜ウラカレコラム","「気になるけど怖い、ちょっと恥ずかしい」女風の入口に、僕たちから地図を。料金・当日の流れ・お店とセラピストの選び方、心の引っかかりまで。2,000人を担当した現役オーナーが、綺麗事を書かない総合案内所として正直に。","","https://urakare.jp/og/column/jofu-guide-og.jpg","","","","「気になるけど怖い、ちょっと恥ずかしい」女風の入口に、僕たちから地図を。料金・当日の流れ・お店とセラピストの選び方、心の引っかかりまで。2,000人を担当した現役オーナーが、綺麗事を書かない総合案内所として正直に。","https://urakare.jp/og-urakare-2026.jpg","女性用風俗（女風）はじめてガイド｜綺麗事を書かない総合案内所｜ウラカレコラム","summary_large_image","","","","61","107"
"寂しい夜の過ごし方・心のセルフケア｜夜の処方箋 - ウラカレコラム | 東京の女風・女性用風俗なら【東京裏彼氏】","https://urakare.jp/column/night-care","「夜が寂しい」「誰かに触れたい」「一人の夜がつらい」——その気持ちは自然なこと。一人の夜を心地よく過ごすヒントと、自分を満たす方法をご紹介します。","","","","寂しい夜の過ごし方・心のセルフケア｜夜の処方箋 - ウラカレコラム","「夜が寂しい」「誰かに触れたい」「一人の夜がつらい」——その気持ちは自然なこと。一人の夜を心地よく過ごすヒントと、自分を満たす方法をご紹介します。","","","","","","「夜が寂しい」「誰かに触れたい」「一人の夜がつらい」——その気持ちは自然なこと。一人の夜を心地よく過ごすヒントと、自分を満たす方法をご紹介します。","https://urakare.jp/og-urakare-2026.jpg","寂しい夜の過ごし方・心のセルフケア｜夜の処方箋 - ウラカレコラム","summary_large_image","","","","56","73"
"女性のセルフケア・セルフマッサージ・リラクゼーション習慣 - ウラカレコラム | 東京の女風・女性用風俗なら【東京裏彼氏】","https://urakare.jp/column/body-care","肩こり・疲れ・眠れない夜に。おうちでできるセルフマッサージ、アロマの使い方、リラクゼーション習慣をプロの視点からご紹介します。","","","","女性のセルフケア・セルフマッサージ・リラクゼーション習慣 - ウラカレコラム","肩こり・疲れ・眠れない夜に。おうちでできるセルフマッサージ、アロマの使い方、リラクゼーション習慣をプロの視点からご紹介します。","","","","","","肩こり・疲れ・眠れない夜に。おうちでできるセルフマッサージ、アロマの使い方、リラクゼーション習慣をプロの視点からご紹介します。","https://urakare.jp/og-urakare-2026.jpg","女性のセルフケア・セルフマッサージ・リラクゼーション習慣 - ウラカレコラム","summary_large_image","","","","61","63"
"男性セラピスト求人｜女性用風俗の採用・給料・研修 全公開｜ウラカレコラム | 東京の女風・女性用風俗なら【東京裏彼氏】","https://urakare.jp/column/industry","男性セラピストの仕事・給与・研修・キャリアを、2,000人施術実績の現役オーナー・ほまれが全部本音で公開。7段階キャリアランク、MBTI適性診断、動画インタビュー。ウラカレコラム。","","","","男性セラピスト求人｜女性用風俗の採用・給料・研修 全公開｜ウラカレコラム","男性セラピストの仕事・給与・研修・キャリアを、2,000人施術実績の現役オーナー・ほまれが全部本音で公開。","https://urakare.jp/column/industry","https://urakare.jp/images/industry/hero/industry-og.webp","website","","","男性セラピストの仕事・給与・研修・キャリアを、2,000人施術実績の現役オーナー・ほまれが全部本音で公開。","https://urakare.jp/og-urakare-2026.jpg","男性セラピスト求人｜女性用風俗の採用・給料・研修 全公開｜ウラカレコラム","summary_large_image","","","","59","90"
"女性用風俗のリアル女風レポ｜編集部が取材した利用者インタビュー集｜ウラカレコラム | 東京の女風・女性用風俗なら【東京裏彼氏】","https://urakare.jp/column/interview","女性用風俗のリアル女風レポ集。「怖い」「気になる」を抱えて初めて行った人、3年半リピートする人。2,000人に向き合った現場プロ編集長が、謝礼なしで取材した利用者の本当の声を、第三者目線で編集してお届けします。ウラカレコラム。","","","","女性用風俗のリアル女風レポ｜編集部が取材した利用者インタビュー集｜ウラカレコラム","女性用風俗のリアル女風レポ集。「怖い」「気になる」を抱えて初めて行った人、3年半リピートする人。2,000人に向き合った現場プロ編集長が、謝礼なしで取材した利用者の本当の声を、第三者目線で編集してお届けします。","","","","","","女性用風俗のリアル女風レポ集。「怖い」「気になる」を抱えて初めて行った人、3年半リピートする人。2,000人に向き合った現場プロ編集長が、謝礼なしで取材した利用者の本当の声を、第三者目線で編集してお届けします。","https://urakare.jp/og-urakare-2026.jpg","女性用風俗のリアル女風レポ｜編集部が取材した利用者インタビュー集｜ウラカレコラム","summary_large_image","","","","63","113"
"女性のオナニーの'正しい'やり方｜2,000人を見てきた女風のプロが本音で解説 | 東京の女風・女性用風俗なら【東京裏彼氏】","https://urakare.jp/column/self-pleasure/self-pleasure-guide","女性のオナニーのやり方を、女性用風俗（女風）のプロが本音で解説。足ピン・床オナ・強すぎる刺激など「間違ったやり方」の直し方から、初心者向けステップガイドまで。2,000人以上の施術経験と科学的エビデンスに基づくセルフプレジャー完全ガイド。","","","","女性のオナニーの'正しい'やり方｜2,000人を見てきた女風のプロが本音で解説","女性のオナニーのやり方を、女性用風俗（女風）のプロが本音で解説。足ピン・床オナ・強すぎる刺激など「間違ったやり方」の直し方から、初心者向けステップガイドまで。2,000人以上の施術経験と科学的エビデンスに基づくセルフプレジャー完全ガイド。","","https://kemvfhztndsfrqqecfkf.supabase.co/storage/v1/object/public/column-images/self-pleasure-guide/og-image.webp","","","","女性のオナニーのやり方を、女性用風俗（女風）のプロが本音で解説。足ピン・床オナ・強すぎる刺激など「間違ったやり方」の直し方から、初心者向けステップガイドまで。2,000人以上の施術経験と科学的エビデンスに基づくセルフプレジャー完全ガイド。","https://kemvfhztndsfrqqecfkf.supabase.co/storage/v1/object/public/column-images/self-pleasure-guide/og-image.webp","女性のオナニーの'正しい'やり方｜2,000人を見てきた女風のプロが本音で解説","summary_large_image","","","","62","119"
"女風（女性用風俗）はどこまで？「本番」はなぜ起きるのか｜全国No.1まで走ってわかった業界構造 | 東京の女風・女性用風俗なら【東京裏彼氏】","https://urakare.jp/column/jofu-guide/honban-real-talk","女風（女性用風俗）はどこまで？本番はないが、なぜ一部で起きるのか。全国No.1まで2,000人を接客した現役オーナーが、業界構造と男女の非対称を、きれいごと抜きで解剖します。","","","","女風（女性用風俗）はどこまで？「本番」はなぜ起きるのか｜全国No.1まで走ってわかった業界構造","女風（女性用風俗）はどこまで？本番はないが、なぜ一部で起きるのか。全国No.1まで2,000人を接客した現役オーナーが、業界構造と男女の非対称を、きれいごと抜きで解剖します。","","https://urakare.jp/images/column/honban-real-talk/og-image.jpg","","","","女風（女性用風俗）はどこまで？本番はないが、なぜ一部で起きるのか。全国No.1まで2,000人を接客した現役オーナーが、業界構造と男女の非対称を、きれいごと抜きで解剖します。","https://urakare.jp/images/column/honban-real-talk/og-image.jpg","女風（女性用風俗）はどこまで？「本番」はなぜ起きるのか｜全国No.1まで走ってわかった業界構造","summary_large_image","","","","70","87"
"中イキのやり方・方法・前兆｜できない人向け練習ステップ・女性2,000人をケアした女風セラピストが解説 | 東京の女風・女性用風俗なら【東京裏彼氏】","https://urakare.jp/column/self-pleasure/nakaiki-guide","中イキのやり方・方法・前兆・できない理由を、女性2,000人をケアした全国No.1女風セラピストが解説。セックスだけでイケる女性は約18%。できないのは普通のこと。練習方法・体のサイン・心のブレーキの外し方まで。","","","","中イキのやり方・方法・前兆｜できない人向け練習ステップ・女性2,000人をケアした女風セラピストが解説","中イキのやり方・方法・前兆・できない理由を、女性2,000人をケアした全国No.1女風セラピストが解説。セックスだけでイケる女性は約18%。できないのは普通のこと。練習方法・体のサイン・心のブレーキの外し方まで。","","https://kemvfhztndsfrqqecfkf.supabase.co/storage/v1/object/public/column-images/nakaiki-guide/og-image.jpg","","","","中イキのやり方・方法・前兆・できない理由を、女性2,000人をケアした全国No.1女風セラピストが解説。セックスだけでイケる女性は約18%。できないのは普通のこと。練習方法・体のサイン・心のブレーキの外し方まで。","https://kemvfhztndsfrqqecfkf.supabase.co/storage/v1/object/public/column-images/nakaiki-guide/og-image.jpg","中イキのやり方・方法・前兆｜できない人向け練習ステップ・女性2,000人をケアした女風セラピストが解説","summary_large_image","","","","74","106"
"女風で働くとモテる男になる理由。前戯テクから沼らせスキルまで｜2年連続No.1オーナーの本音 | 東京の女風・女性用風俗なら【東京裏彼氏】","https://urakare.jp/column/industry/male-lifelong-skills","女性の46%は演技している（anan2025）。日本人男性の平均経験人数は12.3人、僕たちは4年で2,000人。女性用風俗（女風）セラピストでしか身につかない、男として一生使えるスキル7つを、2年連続No.1だった現役オーナーが現場の本音で全部公開する。","","","","女風で働くとモテる男になる理由。前戯テクから沼らせスキルまで｜2年連続No.1オーナーの本音","女性の46%は演技している（anan2025）。日本人男性の平均経験人数は12.3人、僕たちは4年で2,000人。女性用風俗（女風）セラピストでしか身につかない、男として一生使えるスキル7つを、2年連続No.1だった現役オーナーが現場の本音で全部公開する。","","https://urakare.jp/images/column/male-lifelong-skills/og-image-v2.jpg","","","","女性の46%は演技している（anan2025）。日本人男性の平均経験人数は12.3人、僕たちは4年で2,000人。女性用風俗（女風）セラピストでしか身につかない、男として一生使えるスキル7つを、2年連続No.1だった現役オーナーが現場の本音で全部公開する。","https://urakare.jp/images/column/male-lifelong-skills/og-image-v2.jpg","女風で働くとモテる男になる理由。前戯テクから沼らせスキルまで｜2年連続No.1オーナーの本音","summary_large_image","","","","69","128"
"プレジャーケアとは？女性が自分を喜ばせる3原則｜ウラカレコラム | 東京の女風・女性用風俗なら【東京裏彼氏】","https://urakare.jp/column/industry/pleasure-care-toha","プレジャーケアとは、女性がいつも主役でいられる時間。感じる・繋がる・受け入れるの3原則と、対価が守る「嫌と言える自由」を、延べ2,000人に向き合ってきた現役セラピスト・編集長ほまれが提唱します。","","","","プレジャーケアとは？女性が自分を喜ばせる3原則｜ウラカレコラム","プレジャーケアとは、女性がいつも主役でいられる時間。感じる・繋がる・受け入れるの3原則と、対価が守る「嫌と言える自由」を、延べ2,000人に向き合ってきた現役セラピスト・編集長ほまれが提唱します。","","https://urakare.jp/og/column/pleasure-care-toha-og.jpg","","","","プレジャーケアとは、女性がいつも主役でいられる時間。感じる・繋がる・受け入れるの3原則と、対価が守る「嫌と言える自由」を、延べ2,000人に向き合ってきた現役セラピスト・編集長ほまれが提唱します。","https://urakare.jp/og/column/pleasure-care-toha-og.jpg","プレジャーケアとは？女性が自分を喜ばせる3原則｜ウラカレコラム","summary_large_image","","","","54","98"
"処女のあなたへ。女性用風俗という選択肢の本当の意味 | 東京の女風・女性用風俗なら【東京裏彼氏】","https://urakare.jp/column/jofu-guide/virgin-jofu","「処女で女性用風俗?」と検索したあなたへ。2,000人以上の女性を施術してきたオーナーが、25歳まで童貞だった自身の体験と、男目線×プロ視点で「初体験を本気で考える」記事を書きました。","","","","処女のあなたへ。女性用風俗という選択肢の本当の意味","「処女で女性用風俗?」と検索したあなたへ。2,000人以上の女性を施術してきたオーナーが、25歳まで童貞だった自身の体験と、男目線×プロ視点で「初体験を本気で考える」記事を書きました。","","https://kemvfhztndsfrqqecfkf.supabase.co/storage/v1/object/public/column-images/virgin-jofu/og-image.jpg","","","","「処女で女性用風俗?」と検索したあなたへ。2,000人以上の女性を施術してきたオーナーが、25歳まで童貞だった自身の体験と、男目線×プロ視点で「初体験を本気で考える」記事を書きました。","https://kemvfhztndsfrqqecfkf.supabase.co/storage/v1/object/public/column-images/virgin-jofu/og-image.jpg","処女のあなたへ。女性用風俗という選択肢の本当の意味","summary_large_image","","","","48","92"
"女風セラピストの収入事情｜バック率と月収モデルを現役オーナーが全部公開する | 東京の女風・女性用風俗なら【東京裏彼氏】","https://urakare.jp/column/industry/therapist-income","「1ヶ月目の手取りは15万だった」——営業マンから女風セラピストに転身し、全国1位を経て独立したオーナーが、バック率の仕組み・月収シミュレーション・業界の闇まで全部隠さず公開します。","","","","女風セラピストの収入事情｜バック率と月収モデルを現役オーナーが全部公開する","「1ヶ月目の手取りは15万だった」——営業マンから女風セラピストに転身し、全国1位を経て独立したオーナーが、バック率の仕組み・月収シミュレーション・業界の闇まで全部隠さず公開します。","","https://urakare.jp/images/column/therapist-income/og-image.jpg","","","","「1ヶ月目の手取りは15万だった」——営業マンから女風セラピストに転身し、全国1位を経て独立したオーナーが、バック率の仕組み・月収シミュレーション・業界の闇まで全部隠さず公開します。","https://urakare.jp/images/column/therapist-income/og-image.jpg","女風セラピストの収入事情｜バック率と月収モデルを現役オーナーが全部公開する","summary_large_image","","","","60","91"
"ウラカレコラム 全記事一覧 | 東京の女風・女性用風俗なら【東京裏彼氏】","https://urakare.jp/column/all","ウラカレコラムに掲載されたすべての記事のアーカイブ。プレジャーケア・セクシャルウェルネス・セルフケアに関する全記事を一覧で確認できます。","","","","ウラカレコラム 全記事一覧 | 東京の女風・女性用風俗なら【東京裏彼氏】","ウラカレコラムに掲載されたすべての記事のアーカイブ。プレジャーケア・セクシャルウェルネス・セルフケアに関する全記事を一覧で確認できます。","","https://urakare.jp/og-urakare-2026.jpg","website","東京裏彼氏 - 女性用風俗","","ウラカレコラムに掲載されたすべての記事のアーカイブ。プレジャーケア・セクシャルウェルネス・セルフケアに関する全記事を一覧で確認できます。","https://urakare.jp/og-urakare-2026.jpg","ウラカレコラム 全記事一覧 | 東京の女風・女性用風俗なら【東京裏彼氏】","summary_large_image","","","","36","68"
"女性用風俗を自宅で受けるときの準備｜現役セラピストが本音で教えます | 東京の女風・女性用風俗なら【東京裏彼氏】","https://urakare.jp/column/jofu-guide/jofu-home-preparation","女性用風俗（女風）を自宅に呼ぶ時の準備を現役セラピストが本音で解説。掃除の範囲、温度設定、バレ対策、オイル汚れ対策まで。これだけやればOKのリスト付き。","","","","女性用風俗を自宅で受けるときの準備｜現役セラピストが本音で教えます","女性用風俗（女風）を自宅に呼ぶ時の準備を現役セラピストが本音で解説。掃除の範囲、温度設定、バレ対策、オイル汚れ対策まで。これだけやればOKのリスト付き。","","https://kemvfhztndsfrqqecfkf.supabase.co/storage/v1/object/public/column-images/jofu-home-preparation/og-image.jpg","","","","女性用風俗（女風）を自宅に呼ぶ時の準備を現役セラピストが本音で解説。掃除の範囲、温度設定、バレ対策、オイル汚れ対策まで。これだけやればOKのリスト付き。","https://kemvfhztndsfrqqecfkf.supabase.co/storage/v1/object/public/column-images/jofu-home-preparation/og-image.jpg","女性用風俗を自宅で受けるときの準備｜現役セラピストが本音で教えます","summary_large_image","","","","56","76"
"セックスレスに悩む女性へ｜浮気でも我慢でもない「第三の選択肢」とは | 東京の女風・女性用風俗なら【東京裏彼氏】","https://urakare.jp/column/night-care/sexless-solutions-for-women","既婚者の68.2%がセックスレス傾向。「話し合い」だけでは解決しない現実に向き合い、浮気でも我慢でもない第三の選択肢を提案します。2,000人以上の女性と向き合ってきたセラピストが、自分を取り戻すためのセルフケアを語ります。","","","","セックスレスに悩む女性へ｜浮気でも我慢でもない「第三の選択肢」とは","既婚者の68.2%がセックスレス傾向。「話し合い」だけでは解決しない現実に向き合い、浮気でも我慢でもない第三の選択肢を提案します。2,000人以上の女性と向き合ってきたセラピストが、自分を取り戻すためのセルフケアを語ります。","","https://kemvfhztndsfrqqecfkf.supabase.co/storage/v1/object/public/column-images/sexless-solutions/og-image.jpg","","","","既婚者の68.2%がセックスレス傾向。「話し合い」だけでは解決しない現実に向き合い、浮気でも我慢でもない第三の選択肢を提案します。2,000人以上の女性と向き合ってきたセラピストが、自分を取り戻すためのセルフケアを語ります。","https://kemvfhztndsfrqqecfkf.supabase.co/storage/v1/object/public/column-images/sexless-solutions/og-image.jpg","セックスレスに悩む女性へ｜浮気でも我慢でもない「第三の選択肢」とは","summary_large_image","","","","56","112"
"デリケートゾーンケア完全ガイド｜'あそこ'の洗い方・におい対策 | 東京の女風・女性用風俗なら【東京裏彼氏】","https://urakare.jp/column/body-care/delicate-zone-care-guide","「あそこのケア、誰にも聞けない…」。2,000人以上の女性を担当した現役セラピストが、デリケートゾーンの正しい洗い方・におい対策・黒ずみの真実を、最新の科学研究と現場の経験をもとに徹底解説します。","","","","デリケートゾーンケア完全ガイド｜'あそこ'の洗い方・におい対策","「あそこのケア、誰にも聞けない…」。2,000人以上の女性を担当した現役セラピストが、デリケートゾーンの正しい洗い方・におい対策・黒ずみの真実を、最新の科学研究と現場の経験をもとに徹底解説します。","","https://kemvfhztndsfrqqecfkf.supabase.co/storage/v1/object/public/column-images/delicate-zone-care/og-image.jpg","","","","「あそこのケア、誰にも聞けない…」。2,000人以上の女性を担当した現役セラピストが、デリケートゾーンの正しい洗い方・におい対策・黒ずみの真実を、最新の科学研究と現場の経験をもとに徹底解説します。","https://kemvfhztndsfrqqecfkf.supabase.co/storage/v1/object/public/column-images/delicate-zone-care/og-image.jpg","デリケートゾーンケア完全ガイド｜'あそこ'の洗い方・におい対策","summary_large_image","","","","54","98"
"ほまれ｜東京裏彼氏 オーナー / 現役セラピスト・女性用風俗（女風）No.1 - ウラカレコラム | 東京の女風・女性用風俗なら【東京裏彼氏】","https://urakare.jp/column/author/homare","東京裏彼氏オーナー・現役セラピストのほまれ。元東京秘密基地グループで最高セラピストグランプリ全国1位を2年連続受賞（2024・2025）。セラピスト歴5年目、延べ2,000人以上の女性を担当。ABEMA TV・モデルプレス・ViVi等メディア出演多数。漫画『僕は春をひさぐ』（講談社パルシィ・3巻）SPECIAL THANKS、漫画『真・女性に風俗って必要ですか？』（新潮社くらげバンチ）取材協力（テレ東ドラマ『ジョフウ』原作）。","","","","ほまれ｜東京裏彼氏 オーナー / 現役セラピスト・女性用風俗（女風）No.1","セラピスト歴5年目・2,000人以上の女性を担当。女性用風俗業界No.1セラピスト2年連続受賞。ABEMA・モデルプレス・ViVi・ジョフウ原作取材協力。","","","profile","","","セラピスト歴5年目・2,000人以上担当。最高セラピストグランプリ全国1位2年連続受賞。","","ほまれ｜東京裏彼氏 オーナー / 現役セラピスト・女性用風俗（女風）No.1","summary","","","","71","215"
"東京の女風セラピスト人気ランキング｜東京裏彼氏","https://urakare.jp/ranking","東京の女風（女性用風俗）「東京裏彼氏（裏カレ）」の人気セラピストランキング。指名ポイント・口コミにもとづく最新の順位をデイリー・ウィークリー・マンスリーで確認できます。","","","","東京の女風セラピスト人気ランキング | 東京裏彼氏","指名ポイント・口コミにもとづく最新の女風セラピストランキング。","https://urakare.jp/ranking","https://urakare.jp/og-urakare-2026.jpg","website","","","指名ポイント・口コミにもとづく最新の女風セラピストランキング。","https://urakare.jp/og-urakare-2026.jpg","東京の女風セラピスト人気ランキング | 東京裏彼氏","summary_large_image","","","","23","84"
"ラブホに一人で入るの恥ずかしい？女性用風俗歴5年・2,000人を見てきた現役オーナーの回答 | 東京の女風・女性用風俗なら【東京裏彼氏】","https://urakare.jp/column/jofu-guide/hotel-anxiety","ラブホに一人で入るのが恥ずかしい…実はその不安、知らないだけかもしれません。思っているほど、他人はあなたを見ていません。女性用風俗歴5年・2,000人を見てきた現役オーナーが、入り方・受付・流れから待ち合わせまで現場のリアルをお伝えします。知れば、怖くない。","","","","ラブホに一人で入るの恥ずかしい？女性用風俗歴5年・2,000人を見てきた現役オーナーの回答","ラブホに一人で入るのが恥ずかしい…実はその不安、知らないだけかもしれません。思っているほど、他人はあなたを見ていません。女性用風俗歴5年・2,000人を見てきた現役オーナーが、入り方・受付・流れから待ち合わせまで現場のリアルをお伝えします。知れば、怖くない。","","https://kemvfhztndsfrqqecfkf.supabase.co/storage/v1/object/public/column-images/hotel-anxiety/og-image-v2.jpg","","","","ラブホに一人で入るのが恥ずかしい…実はその不安、知らないだけかもしれません。思っているほど、他人はあなたを見ていません。女性用風俗歴5年・2,000人を見てきた現役オーナーが、入り方・受付・流れから待ち合わせまで現場のリアルをお伝えします。知れば、怖くない。","https://kemvfhztndsfrqqecfkf.supabase.co/storage/v1/object/public/column-images/hotel-anxiety/og-image-v2.jpg","ラブホに一人で入るの恥ずかしい？女性用風俗歴5年・2,000人を見てきた現役オーナーの回答","summary_large_image","","","","68","129"
"30代女性の女性用風俗ガイド｜2,000人施術したオーナーが見た「30代が一番変わる」理由 | 東京の女風・女性用風俗なら【東京裏彼氏】","https://urakare.jp/column/jofu-guide/jofu-30dai-guide","30代は女性用風俗を一番楽しめる年代。セックスレス率67.8%、利用者の最多年齢層。年齢の不安を2,000人施術した現役オーナーが数字と現場のリアルで解消します。","","","","30代女性の女性用風俗ガイド｜2,000人施術したオーナーが見た「30代が一番変わる」理由","30代は女性用風俗を一番楽しめる年代。セックスレス率67.8%、利用者の最多年齢層。年齢の不安を2,000人施術した現役オーナーが数字と現場のリアルで解消します。","","https://kemvfhztndsfrqqecfkf.supabase.co/storage/v1/object/public/column-images/jofu-30dai-guide/og-image.jpg","","","","30代は女性用風俗を一番楽しめる年代。セックスレス率67.8%、利用者の最多年齢層。年齢の不安を2,000人施術した現役オーナーが数字と現場のリアルで解消します。","https://kemvfhztndsfrqqecfkf.supabase.co/storage/v1/object/public/column-images/jofu-30dai-guide/og-image.jpg","30代女性の女性用風俗ガイド｜2,000人施術したオーナーが見た「30代が一番変わる」理由","summary_large_image","","","","68","81"
"女性用風俗が「怖い」あなたへ｜現役オーナーが10の誤解を本音で解説 | 東京の女風・女性用風俗なら【東京裏彼氏】","https://urakare.jp/column/jofu-guide/jofu-misconceptions","女性用風俗（女風）が気になるけど怖い、恥ずかしい、バレないか心配——。2,000人以上を施術した現役オーナーが、よくある10の誤解を科学データと現場の本音で一つずつ解消します。","","","","女性用風俗が「怖い」あなたへ｜現役オーナーが10の誤解を本音で解説","女性用風俗（女風）が気になるけど怖い、恥ずかしい、バレないか心配——。2,000人以上を施術した現役オーナーが、よくある10の誤解を科学データと現場の本音で一つずつ解消します。","","https://kemvfhztndsfrqqecfkf.supabase.co/storage/v1/object/public/column-images/jofu-misconceptions/og-image.jpg","","","","女性用風俗（女風）が気になるけど怖い、恥ずかしい、バレないか心配——。2,000人以上を施術した現役オーナーが、よくある10の誤解を科学データと現場の本音で一つずつ解消します。","https://kemvfhztndsfrqqecfkf.supabase.co/storage/v1/object/public/column-images/jofu-misconceptions/og-image.jpg","女性用風俗が「怖い」あなたへ｜現役オーナーが10の誤解を本音で解説","summary_large_image","","","","56","88"
"自己肯定感が低い女性へ｜夜寝る前の“自分を抱きしめる”習慣 | 東京の女風・女性用風俗なら【東京裏彼氏】","https://urakare.jp/column/night-care/self-esteem-embrace","自己肯定感が低い女性が夜に自分を責めてしまう理由を脳科学で解説。20秒のセルフハグ・バタフライハグ・セルフコンパッション日記など、今夜からできる「自分を抱きしめる」習慣を、延べ2,000人以上を担当した現役セラピストが紹介します。","","","","自己肯定感が低い女性へ｜夜寝る前の“自分を抱きしめる”習慣","自己肯定感が低い女性が夜に自分を責めてしまう理由を脳科学で解説。20秒のセルフハグ・バタフライハグ・セルフコンパッション日記など、今夜からできる「自分を抱きしめる」習慣を、延べ2,000人以上を担当した現役セラピストが紹介します。","","https://kemvfhztndsfrqqecfkf.supabase.co/storage/v1/object/public/column-images/self-esteem-embrace/og-image.jpg","","","","自己肯定感が低い女性が夜に自分を責めてしまう理由を脳科学で解説。20秒のセルフハグ・バタフライハグ・セルフコンパッション日記など、今夜からできる「自分を抱きしめる」習慣を、延べ2,000人以上を担当した現役セラピストが紹介します。","https://kemvfhztndsfrqqecfkf.supabase.co/storage/v1/object/public/column-images/self-esteem-embrace/og-image.jpg","自己肯定感が低い女性へ｜夜寝る前の“自分を抱きしめる”習慣","summary_large_image","","","","52","115"
"女風セラピストはきつい？やめたい・続かない・接客がしんどい、現役5年の本音レポート | 東京の女風・女性用風俗なら【東京裏彼氏】","https://urakare.jp/column/industry/therapist-reality","「女風セラピストは、きついのか、やめたい時はどうするのか」 - 東京秘密基地時代に全国No.1の経験を持つ現役5年・現オーナーが、接客がしんどい瞬間と踏みとどまった理由を本音で語ります。","","","","女風セラピストはきつい？やめたい・続かない・接客がしんどい、現役5年の本音レポート","「女風セラピストは、きついのか、やめたい時はどうするのか」 - 東京秘密基地時代に全国No.1の経験を持つ現役5年・現オーナーが、接客がしんどい瞬間と踏みとどまった理由を本音で語ります。","","https://urakare.jp/images/column/therapist-reality/og-image.jpg?v=2","","","","「女風セラピストは、きついのか、やめたい時はどうするのか」 - 東京秘密基地時代に全国No.1の経験を持つ現役5年・現オーナーが、接客がしんどい瞬間と踏みとどまった理由を本音で語ります。","https://urakare.jp/images/column/therapist-reality/og-image.jpg?v=2","女風セラピストはきつい？やめたい・続かない・接客がしんどい、現役5年の本音レポート","summary_large_image","","","","64","93"
"女風セラピストのメンタルケア｜誰にも言えない5つの悩みと、それでも「最高に面白い」と思える理由 | 東京の女風・女性用風俗なら【東京裏彼氏】","https://urakare.jp/column/industry/therapist-mental-care","「しんどい。でも最高に面白い」——施術歴5年・2,000人以上を担当した現役オーナーが、女風セラピストの5つのメンタル課題と具体的セルフケア、それでもこの仕事を続ける理由を本音で語ります。","","","","女風セラピストのメンタルケア｜誰にも言えない5つの悩みと、それでも「最高に面白い」と思える理由","「しんどい。でも最高に面白い」——施術歴5年・2,000人以上を担当した現役オーナーが、女風セラピストの5つのメンタル課題と具体的セルフケア、それでもこの仕事を続ける理由を本音で語ります。","","https://urakare.jp/images/column/therapist-mental-care/og-image.jpg","","","","「しんどい。でも最高に面白い」——施術歴5年・2,000人以上を担当した現役オーナーが、女風セラピストの5つのメンタル課題と具体的セルフケア、それでもこの仕事を続ける理由を本音で語ります。","https://urakare.jp/images/column/therapist-mental-care/og-image.jpg","女風セラピストのメンタルケア｜誰にも言えない5つの悩みと、それでも「最高に面白い」と思える理由","summary_large_image","","","","70","94"
"","https://urakare.jp/therapist/4/reviews","","","","","","","","","","","","","","","","","","","0","0"
"","https://urakare.jp/therapist/1/reviews","","","","","","","","","","","","","","","","","","","0","0"
"","https://urakare.jp/therapist/4/diary","","","","","","","","","","","","","","","","","","","0","0"
"","https://urakare.jp/therapist/4/diary/3d2b988e-62b1-42cb-9934-023c48da7063","","","","","","","","","","","","","","","","","","","0","0"
"","https://urakare.jp/therapist/4/diary/3a732f5c-ea67-4adb-b25d-3c775910c52f","","","","","","","","","","","","","","","","","","","0","0"
"","https://urakare.jp/therapist/4/diary/453dc909-e93d-42a9-8b96-d7e244cc3168","","","","","","","","","","","","","","","","","","","0","0"
"","https://urakare.jp/therapist/1/diary","","","","","","","","","","","","","","","","","","","0","0"
"","https://urakare.jp/therapist/1/diary/247447c5-8518-4be8-b702-6dee1d031fc0","","","","","","","","","","","","","","","","","","","0","0"
"","https://urakare.jp/therapist/1/diary/f78f90f4-7e5b-4923-8e0b-eadf4577b9ed","","","","","","","","","","","","","","","","","","","0","0"
"","https://urakare.jp/therapist/1/diary/e0f60397-5ff2-4e90-8d8f-5d8b9e427366","","","","","","","","","","","","","","","","","","","0","0"
"","https://urakare.jp/therapist/1/diary/1f82bb02-95d2-4098-b050-a6e7ba3a8a0d","","","","","","","","","","","","","","","","","","","0","0"
"ミクさん｜お客様インタビュー体験者プロフィール - ウラカレコラム | 東京の女風・女性用風俗なら【東京裏彼氏】","https://urakare.jp/column/interview/miku","同棲解消をきっかけに女性用風俗を利用したミクさん（20代後半・美容関係）。「1人目ハズレ、2人目で人生変わった」初体験から、お花・ランニング・ジム・美容クリニックと自分磨きの連鎖が止まらなくなったリアルなストーリー。","","","","ミクさん｜お客様インタビュー体験者プロフィール","同棲解消をきっかけに女性用風俗を利用。自分磨きの連鎖が止まらなくなったミクさんのリアルなストーリー。","","","","","","同棲解消をきっかけに女性用風俗を利用。自分磨きの連鎖が止まらなくなったミクさんのリアルなストーリー。","","ミクさん｜お客様インタビュー体験者プロフィール","summary","","","","56","108"
"セックスが痛い…我慢してない？｜53.6%が経験する原因と対処法 | 東京の女風・女性用風俗なら【東京裏彼氏】","https://urakare.jp/column/body-care/sex-pain-causes-and-self-care","10〜20代女性の53.6%がセックスで痛みを経験。痛みの原因を「入口」と「奥」に分けて科学的に解説し、今夜からできる5つのセルフケアを紹介します。2,000人以上の施術経験を持つセラピストが語る、我慢しない性交痛の対処法。","","","","セックスが痛い…我慢してない？｜53.6%が経験する原因と対処法","10〜20代女性の53.6%がセックスで痛みを経験。痛みの原因を「入口」と「奥」に分けて科学的に解説し、今夜からできる5つのセルフケアを紹介します。2,000人以上の施術経験を持つセラピストが語る、我慢しない性交痛の対処法。","","https://kemvfhztndsfrqqecfkf.supabase.co/storage/v1/object/public/column-images/sexual-pain/og-image.jpg","","","","10〜20代女性の53.6%がセックスで痛みを経験。痛みの原因を「入口」と「奥」に分けて科学的に解説し、今夜からできる5つのセルフケアを紹介します。2,000人以上の施術経験を持つセラピストが語る、我慢しない性交痛の対処法。","https://kemvfhztndsfrqqecfkf.supabase.co/storage/v1/object/public/column-images/sexual-pain/og-image.jpg","セックスが痛い…我慢してない？｜53.6%が経験する原因と対処法","summary_large_image","","","","55","112"
"寂しい夜の過ごし方7選｜夜だけ寂しくなるのは脳のせいだった | 東京の女風・女性用風俗なら【東京裏彼氏】","https://urakare.jp/column/night-care/lonely-night-how-to-spend","夜になると寂しくなるのは脳の自然な反応です。一人暮らしの女性に多い「人肌恋しい」の正体をセロトニン・オキシトシンの科学から解説。寂しい夜を心地よく過ごす7つの方法を、延べ2,000人以上を担当した現役セラピストが紹介します。","","","","寂しい夜の過ごし方7選｜夜だけ寂しくなるのは脳のせいだった","夜になると寂しくなるのは脳の自然な反応です。一人暮らしの女性に多い「人肌恋しい」の正体をセロトニン・オキシトシンの科学から解説。寂しい夜を心地よく過ごす7つの方法を、延べ2,000人以上を担当した現役セラピストが紹介します。","","https://kemvfhztndsfrqqecfkf.supabase.co/storage/v1/object/public/column-images/lonely-night/og-image.jpg","","","","夜になると寂しくなるのは脳の自然な反応です。一人暮らしの女性に多い「人肌恋しい」の正体をセロトニン・オキシトシンの科学から解説。寂しい夜を心地よく過ごす7つの方法を、延べ2,000人以上を担当した現役セラピストが紹介します。","https://kemvfhztndsfrqqecfkf.supabase.co/storage/v1/object/public/column-images/lonely-night/og-image.jpg","寂しい夜の過ごし方7選｜夜だけ寂しくなるのは脳のせいだった","summary_large_image","","","","52","112"
"アヤさん｜旦那の風俗発覚から女性用風俗で離婚を決めた30代後半エステ経営者の体験談プロフィール - ウラカレコラム | 東京の女風・女性用風俗なら【東京裏彼氏】","https://urakare.jp/column/interview/aya","旦那の風俗発覚から離婚を決めた30代後半エステサロン経営者アヤさん（仮名）の体験者プロフィール。マッサージエステ＋アイブロウの計3店舗を経営（業界5年目・離職率0%）。週1ペースで女性用風俗を約60回利用・1年半リピートするリアルな人物像。","","","","アヤさん｜旦那の風俗発覚から女性用風俗で離婚を決めた30代後半エステ経営者の体験談プロフィール","30代後半エステサロン経営者アヤさん（仮名）の体験者プロフィール。3店舗経営・離職率0%・週1ペースで女性用風俗を約60回利用・1年半リピートの体験談レポ。","","https://kemvfhztndsfrqqecfkf.supabase.co/storage/v1/object/public/column-images/customer-interview-04/full.webp","profile","","","30代後半エステ経営者・3店舗経営・離職率0%。旦那の風俗発覚→女風→離婚→1年半60回リピートの体験者。","https://kemvfhztndsfrqqecfkf.supabase.co/storage/v1/object/public/column-images/customer-interview-04/full.webp","アヤさん｜女性用風俗（女風）体験談レポ・体験者プロフィール","summary_large_image","","","","80","120"
"セルフプレジャーに罪悪感を感じなくていい理由｜2,000人の女性を見てきたセラピストの本音 | 東京の女風・女性用風俗なら【東京裏彼氏】","https://urakare.jp/column/self-pleasure/guilt-free-self-pleasure","セルフプレジャー（マスターベーション）の後に罪悪感や自己嫌悪を感じてしまう女性は少なくありません。約6割の女性が経験しているにもかかわらず、「恥ずかしい」「はしたない」と悩む必要はありません。2,000人以上の女性と向き合ってきた現役セラピストが、罪悪感の正体と自分を大切にする方法をお伝えします。","","","","セルフプレジャーに罪悪感を感じなくていい理由｜2,000人の女性を見てきたセラピストの本音","セルフプレジャー（マスターベーション）の後に罪悪感や自己嫌悪を感じてしまう女性は少なくありません。約6割の女性が経験しているにもかかわらず、「恥ずかしい」「はしたない」と悩む必要はありません。2,000人以上の女性と向き合ってきた現役セラピストが、罪悪感の正体と自分を大切にする方法をお伝えします。","","https://kemvfhztndsfrqqecfkf.supabase.co/storage/v1/object/public/column-images/self-pleasure/og-image.jpg","","","","セルフプレジャー（マスターベーション）の後に罪悪感や自己嫌悪を感じてしまう女性は少なくありません。約6割の女性が経験しているにもかかわらず、「恥ずかしい」「はしたない」と悩む必要はありません。2,000人以上の女性と向き合ってきた現役セラピストが、罪悪感の正体と自分を大切にする方法をお伝えします。","https://kemvfhztndsfrqqecfkf.supabase.co/storage/v1/object/public/column-images/self-pleasure/og-image.jpg","セルフプレジャーに罪悪感を感じなくていい理由｜2,000人の女性を見てきたセラピストの本音","summary_large_image","","","","68","149"
"女風セラピストに恋した、どうする？｜女性用風俗3年半・85回通った20代女性のガチ恋→友人体験談レポ | 東京の女風・女性用風俗なら【東京裏彼氏】","https://urakare.jp/column/interview/customer-interview-05","2022年9月1日、深夜1時に酔った勢いで予約した1時間後、ヒモとの同棲で68kg太っていた26歳のアンちゃん（仮名・20代女性）は女風セラピスト・ほまれに初めて会いました。あれから3年半・85回通った今、彼女は48kgになり「お互いプロOK」の彼氏と同棲し、ガチ恋した相手と「良き友」になっています。業界6大ファーストの女性用風俗体験談レポです。","","","","女風セラピストに恋した、どうする？｜女性用風俗3年半・85回通った20代女性のガチ恋→友人体験談レポ","2022年9月1日、深夜1時に酔った勢いで予約した1時間後、ヒモとの同棲で68kg太っていた26歳のアンちゃん（仮名・20代女性）は女風セラピスト・ほまれに初めて会いました。あれから3年半・85回通った今、彼女は48kgになり「お互いプロOK」の彼氏と同棲し、ガチ恋した相手と「良き友」になっています。業界6大ファーストの女性用風俗体験談レポです。","","https://kemvfhztndsfrqqecfkf.supabase.co/storage/v1/object/public/column-images/customer-interview-05/og-image.webp","","","","2022年9月1日、深夜1時に酔った勢いで予約した1時間後、ヒモとの同棲で68kg太っていた26歳のアンちゃん（仮名・20代女性）は女風セラピスト・ほまれに初めて会いました。あれから3年半・85回通った今、彼女は48kgになり「お互いプロOK」の彼氏と同棲し、ガチ恋した相手と「良き友」になっています。業界6大ファーストの女性用風俗体験談レポです。","https://kemvfhztndsfrqqecfkf.supabase.co/storage/v1/object/public/column-images/customer-interview-05/og-image.webp","女風セラピストに恋した、どうする？｜女性用風俗3年半・85回通った20代女性のガチ恋→友人体験談レポ","summary_large_image","","","","73","174"
"外国人の女性用風俗利用が急増中｜現役オーナーが語る、安心して通えるお店づくりの裏側 | 東京の女風・女性用風俗なら【東京裏彼氏】","https://urakare.jp/column/industry/foreign-customers-safety-design","外国人女性の女性用風俗利用が増加中。訪日客増加の背景から、安心して通えるお店づくりの裏側まで、延べ2,000人以上を担当した現役オーナーが現場のリアルを語ります。","","","","外国人の女性用風俗利用が急増中｜現役オーナーが語る、安心して通えるお店づくりの裏側","外国人女性の女性用風俗利用が増加中。訪日客増加の背景から、安心して通えるお店づくりの裏側まで、延べ2,000人以上を担当した現役オーナーが現場のリアルを語ります。","","https://urakare.jp/images/column/foreign-customers-safety-design/og-image.jpg","","","","外国人女性の女性用風俗利用が増加中。訪日客増加の背景から、安心して通えるお店づくりの裏側まで、延べ2,000人以上を担当した現役オーナーが現場のリアルを語ります。","https://urakare.jp/images/column/foreign-customers-safety-design/og-image.jpg","外国人の女性用風俗利用が急増中｜現役オーナーが語る、安心して通えるお店づくりの裏側","summary_large_image","","","","64","81"
"眠れない夜に試したい入眠テクニック5選｜自律神経を味方にする | 東京の女風・女性用風俗なら【東京裏彼氏】","https://urakare.jp/column/night-care/sleep-technique","日本女性の睡眠時間はOECD33カ国中最下位。月経周期で入眠時間が3倍変わる事実、科学的に効果が確認された入眠テクニック5選、セルフタッチ入眠法を延べ2,000人以上を担当した現役セラピストが解説。","","","","眠れない夜に試したい入眠テクニック5選｜自律神経を味方にする","日本女性の睡眠時間はOECD33カ国中最下位。月経周期で入眠時間が3倍変わる事実、科学的に効果が確認された入眠テクニック5選、セルフタッチ入眠法を延べ2,000人以上を担当した現役セラピストが解説。","","https://kemvfhztndsfrqqecfkf.supabase.co/storage/v1/object/public/column-images/sleep-technique/og-image.jpg","","","","日本女性の睡眠時間はOECD33カ国中最下位。月経周期で入眠時間が3倍変わる事実、科学的に効果が確認された入眠テクニック5選、セルフタッチ入眠法を延べ2,000人以上を担当した現役セラピストが解説。","https://kemvfhztndsfrqqecfkf.supabase.co/storage/v1/object/public/column-images/sleep-technique/og-image.jpg","眠れない夜に試したい入眠テクニック5選｜自律神経を味方にする","summary_large_image","","","","53","99"
"セクシャルウェルネスとは？｜「自分の体を大切にしていい」と思えるようになる5つの習慣 | 東京の女風・女性用風俗なら【東京裏彼氏】","https://urakare.jp/column/industry/sexual-wellness-toha","セクシャルウェルネスとは何か？WHO定義から、自分の体を大切にするための5つの習慣まで。延べ2,000人以上を担当した現役オーナーが科学的根拠とともにわかりやすく解説します。","","","","セクシャルウェルネスとは？｜「自分の体を大切にしていい」と思えるようになる5つの習慣","セクシャルウェルネスとは何か？WHO定義から、自分の体を大切にするための5つの習慣まで。延べ2,000人以上を担当した現役オーナーが科学的根拠とともにわかりやすく解説します。","","https://urakare.jp/images/column/sexual-wellness-toha/og-image.jpg","","","","セクシャルウェルネスとは何か？WHO定義から、自分の体を大切にするための5つの習慣まで。延べ2,000人以上を担当した現役オーナーが科学的根拠とともにわかりやすく解説します。","https://urakare.jp/images/column/sexual-wellness-toha/og-image.jpg","セクシャルウェルネスとは？｜「自分の体を大切にしていい」と思えるようになる5つの習慣","summary_large_image","","","","65","87"
"女性の性欲は恥ずかしくない｜年代別の変化と付き合い方 | 東京の女風・女性用風俗なら【東京裏彼氏】","https://urakare.jp/column/self-pleasure/female-libido","「性欲が強いのは異常？」「30代で急にムラムラするようになった」——そんな不安を抱える女性へ。2,000人以上の女性と向き合ってきた現役セラピストが、性欲の年代別変化を科学とリアルな現場経験から解説します。あなたの性欲は、何も間違っていません。","","","","女性の性欲は恥ずかしくない｜年代別の変化と付き合い方","「性欲が強いのは異常？」「30代で急にムラムラするようになった」——そんな不安を抱える女性へ。2,000人以上の女性と向き合ってきた現役セラピストが、性欲の年代別変化を科学とリアルな現場経験から解説します。あなたの性欲は、何も間違っていません。","","https://kemvfhztndsfrqqecfkf.supabase.co/storage/v1/object/public/column-images/female-libido/og-image.jpg","","","","「性欲が強いのは異常？」「30代で急にムラムラするようになった」——そんな不安を抱える女性へ。2,000人以上の女性と向き合ってきた現役セラピストが、性欲の年代別変化を科学とリアルな現場経験から解説します。あなたの性欲は、何も間違っていません。","https://kemvfhztndsfrqqecfkf.supabase.co/storage/v1/object/public/column-images/female-libido/og-image.jpg","女性の性欲は恥ずかしくない｜年代別の変化と付き合い方","summary_large_image","","","","49","122"
"","https://urakare.jp/therapist/4/schedule","","","","","","","","","","","","","","","","","","","0","0"
"","https://urakare.jp/therapist/1/schedule","","","","","","","","","","","","","","","","","","","0","0"
"","https://urakare.jp/therapist/1/diary/bf69ff6f-6834-41f3-85d9-5739429b7d16","","","","","","","","","","","","","","","","","","","0","0"
"","https://urakare.jp/therapist/5/diary/fd332954-b4f5-4265-b84a-a0d8d42e3ad2","","","","","","","","","","","","","","","","","","","0","0"
"","https://urakare.jp/therapist/5","","","","","","","","","","","","","","","","","","","0","0"
"","https://urakare.jp/therapist/1/diary/2b9d7f4e-ce89-4044-b087-40775a12f829","","","","","","","","","","","","","","","","","","","0","0"
"","https://urakare.jp/therapist/1/diary/63490bb3-5a6a-4ea6-a555-5ca4c7838401","","","","","","","","","","","","","","","","","","","0","0"
"アンちゃん｜女風セラピストに3年半・85回通った20代女性のガチ恋→友人体験談プロフィール - ウラカレコラム | 東京の女風・女性用風俗なら【東京裏彼氏】","https://urakare.jp/column/interview/an","ヒモとの同棲で68kgまで太ってた26歳のアンちゃん（仮名・20代後半）が、女性用風俗（女風）セラピスト・ほまれくんに3年半・85回通い、48kgまで痩せて彼氏と「お互いプロOK」のオープン関係で同棲。ガチ恋セラピストと「良き友」になった29歳の体験者プロフィール。","","","","アンちゃん｜女風セラピストに3年半・85回通った20代女性のガチ恋→友人体験談プロフィール","20代女性アンちゃん（仮名）の体験者プロフィール。女性用風俗3年半・85回・体重68kg→48kg・彼氏と3人ご飯のオープン関係体験談レポ。","","https://kemvfhztndsfrqqecfkf.supabase.co/storage/v1/object/public/column-images/customer-interview-05/full-an.webp","profile","","","20代後半・平日広告代理店／週末ゴールデン街勤務。3年半・85回・68→48kg・彼氏と「お互いプロOK」のオープン関係体験者。","https://kemvfhztndsfrqqecfkf.supabase.co/storage/v1/object/public/column-images/customer-interview-05/full-an.webp","アンちゃん｜女性用風俗（女風）体験談レポ・体験者プロフィール","summary_large_image","","","","78","133"
"","https://urakare.jp/therapist/1/schedule/reserve?date=&time=0&course=90m","","","","","","","","","","","","","","","","","","","0","0"
"","https://urakare.jp/therapist/4/schedule/reserve?date=&time=0&course=90m","","","","","","","","","","","","","","","","","","","0","0"
"","https://urakare.jp/therapist/5/diary","","","","","","","","","","","","","","","","","","","0","0"
"","https://urakare.jp/therapist/5/schedule","","","","","","","","","","","","","","","","","","","0","0"
"","https://urakare.jp/therapist/5/reviews","","","","","","","","","","","","","","","","","","","0","0"
"","https://urakare.jp/therapist/5/schedule/reserve?date=&time=0&course=90m","","","","","","","","","","","","","","","","","","","0","0"
