"Title","URL","Description","h1 headings","h2 headings","Response time","Link count","Word count","Internal backlinks","Last modified","Robots","Canonical"
"東京の女風・女性用風俗なら【東京裏彼氏】","https://urakare.jp/","東京の女風（女性用風俗）なら東京裏彼氏（裏カレ）。全国No.1セラピスト・ほまれが監修する研修を修了したイケメンセラピストが、ご自宅・ホテルへ出張。女風が初めてのお客様も安心のLINE24時間受付。23区全域＋近郊まで対応。","東京の女風・女性用風俗なら【東京裏彼氏】","ランキング, セラピスト紹介, 女性用風俗 体験談レポ — お客様の声, 料金システム, ご利用の流れ, コラム記事, 対応エリア, 予約・お問い合わせ","0.11154 s","79","400","986","","","https://urakare.jp"
"プレジャーケア — 女性のセクシャルウェルネスとセルフケアのメディア｜ウラカレコラム | 東京の女風・女性用風俗なら【東京裏彼氏】","https://urakare.jp/column","プレジャーケアは、女性が自分を喜ばせる新しいケアの形。セクシャルウェルネスやセルフケアの実践を、2,000人の女性に向き合った現場プロの視点から、タブーなく品よくお届けします。ウラカレコラム。","プレジャーケアのメディア","EDITOR'S PICK, LATEST ARTICLES, RANKING, 初めての方へ","0.12197 s","60","326","1973","","","https://urakare.jp/column"
"本日出勤のセラピスト｜東京の女風 | 東京の女風・女性用風俗なら【東京裏彼氏】","https://urakare.jp/today","東京裏彼氏の本日出勤中のセラピスト一覧です。出勤時間・プロフィールをご確認いただけます。","本日の出勤｜東京の女性用風俗 東京裏彼氏, 本日の出勤","","0.12499 s","22","43","107","","",""
"東京の女風セラピスト人気ランキング｜東京裏彼氏","https://urakare.jp/ranking?range=month","東京の女風（女性用風俗）「東京裏彼氏（裏カレ）」の人気セラピストランキング。指名ポイント・口コミにもとづく最新の順位をデイリー・ウィークリー・マンスリーで確認できます。","","","0.13405 s","7","4","105","","","https://urakare.jp/ranking"
"こだわり検索 | 東京裏彼氏 | 東京の女風・女性用風俗なら【東京裏彼氏】","https://urakare.jp/search","年齢・身長・イメージであなたにぴったりのセラピストを検索。","こだわり検索","","0.09067 s","22","64","105","","noindex",""
"東京の女風（女性用風俗）セラピスト一覧｜東京裏彼氏","https://urakare.jp/therapist","東京裏彼氏（裏カレ）に在籍する女風（女性用風俗）セラピストの一覧。年齢・身長・タイプ・口コミからお好みのセラピストを選んで指名できます。ご自宅・ホテルへ出張、東京23区＋近郊に対応。","東京の女風セラピスト一覧","","0.09681 s","22","30","408","","","https://urakare.jp/therapist"
"東京の女風・女性用風俗なら【東京裏彼氏】","https://urakare.jp/sokumen","東京の女風（女性用風俗）なら東京裏彼氏（裏カレ）。全国No.1セラピスト・ほまれが監修する研修を修了したイケメンセラピストが、ご自宅・ホテルへ出張。女風が初めてのお客様も安心のLINE24時間受付。23区全域＋近郊まで対応。","","","0.10586 s","20","26","106","","nofollow,noindex",""
"初めての方へ｜女風の流れ・料金ガイド | 東京の女風・女性用風俗なら【東京裏彼氏】","https://urakare.jp/guide","女性用風俗が初めてで不安な方へ。料金の総額目安（約3万円〜）、予約から施術までの流れ、セラピストの選び方を分かりやすく解説。完全出張制・秘密厳守・女性限定。LINE相談だけでもOK。","女性用風俗が初めての方へ","こんな方におすすめです, 6つの安心ポイント, ご利用の流れ, 料金について, お客様の声, よくあるご質問","0.11239 s","41","260","1287","","","https://urakare.jp/guide"
"女風の利用場所ガイド｜ホテル・自宅の選び方 | 東京の女風・女性用風俗なら【東京裏彼氏】","https://urakare.jp/location-guide","東京裏彼氏の利用場所ガイド。新宿・渋谷・池袋・錦糸町・恵比寿・六本木・麻布十番エリアのおすすめラブホテル一覧と、ご自宅利用のご案内。女性一人でも安心のホテル選び・チェックイン方法まで丁寧に解説。","利用場所ガイド｜女性用風俗のホテル・自宅利用, ご利用場所ガイド","ラブホテルのご利用, ご自宅でのご利用, エリア別おすすめラブホテル, ラブホテルの入り方, ご利用にあたって, 場所に関するよくあるご質問","0.09731 s","32","434","156","","","https://urakare.jp/location-guide"
"料金・コース一覧｜女風の料金表 | 東京の女風・女性用風俗なら【東京裏彼氏】","https://urakare.jp/pricing","女性用風俗・女風「東京裏彼氏」の料金・コース一覧。スタンダード90分¥16,000〜、お泊まり¥65,000〜。全セラピスト指名料無料・追加料金なし。コース料金+交通費のみのシンプル明朗会計。","料金・コース一覧","コース料金一覧 ランク別, お泊まりコース, 交通費, 深夜料金, キャンセルポリシー, よくあるご質問","0.10602 s","39","204","147","","","https://urakare.jp/pricing"
"女風が初めてで怖い方へ｜31の不安にお答えします | 東京の女風・女性用風俗なら【東京裏彼氏】","https://urakare.jp/faq","東京裏彼氏（ウラカレ）に寄せられる31の質問と回答。料金総額（90分¥16,000〜＋交通費のみ）、予約から施術までの流れ、本番の有無、個人情報保護、セラピストの選び方を解説。指名料無料・追加料金なし・完全秘密厳守。","よくあるご質問｜女性用風俗 東京裏彼氏, よくあるご質問","みなさまからよく寄せられる不安, 初めての方へ, サービス内容, 料金について, ご予約について, 安心・安全への取り組み, セラピストについて, まだ不安が解消されない方へ","0.10546 s","67","405","153","","","https://urakare.jp/faq"
"東京の女風（女性用風俗）求人｜男性セラピスト募集","https://urakare.jp/recruit","東京都の女風（女性用風俗）で男性セラピストを募集する新店舗「東京裏彼氏」。創業メンバーとして、未経験から基礎研修とモニター女性との実践研修を受けられます。バック率最大90%・月収100万円超も可（完全歩合）・日払い・自由出勤・副業OK。","東京の女風求人｜女性用風俗で未経験から働ける男性セラピスト募集｜東京裏彼氏","女風未経験で、ここまでいける。, 女風セラピストの仕事で身につくもの, セラピストの報酬・バック率, セラピストの1日・接客の流れ, 女風未経験から始める研修制度, 女性用風俗業界に、こんな環境があるとは。, 待遇・福利厚生一覧, デビューまでの費用, 男性セラピスト募集要項, 全国1位の男が、次の全国1位を育てる。, 東京裏彼氏 代表からのメッセージ, 女性用風俗・男性セラピストの仕事をもっと知る, 女風求人・面接でよく聞かれる質問一覧, デビューまでの流れ, 東京裏彼氏 男性セラピスト応募窓口","0.10150 s","44","457","328","","","https://urakare.jp/recruit"
"","https://urakare.jp/reviews","","お客様からの口コミ","","0.08202 s","456","2860","123","","",""
"女風モニター募集｜施術無料で研修生を育てる体験｜女性用風俗 東京裏彼氏","https://urakare.jp/monitor","東京裏彼氏の女風モニター募集。デビュー前の研修生セラピストの施術を無料で体験でき、あなたの評価が彼のデビューを決めます（ホテル代のみご負担）。歌舞伎町・池袋・渋谷。担当した彼がデビューしたら、デビュー記念に5,000円クーポンを進呈。女性用風俗が初めての方も歓迎。","女風モニター募集｜女性用風俗の研修モニター体験｜東京裏彼氏","女風モニターとは, モニターは無料です, モニター応募の流れ, モニターの条件, よくあるご質問, あなたの120分が、ひとりのセラピストを一人前にします。","0.10092 s","27","245","553","","","https://urakare.jp/monitor"
"友達紹介｜女風を友達と2人で利用すると¥5,000 OFF | 東京の女風・女性用風俗なら【東京裏彼氏】","https://urakare.jp/referral","女友達と一緒にウラカレを利用すると、ふたりとも¥5,000 OFF。LINEで予約・相談OK。初めての女性用風俗を「ふたり」で安心スタート。女風／女性用風俗／ペア利用／友達紹介。","女風を友達と一緒に｜女性用風俗ペア利用で2人とも¥5,000 OFFになる紹介プログラム｜東京裏彼氏","夜の女子会、はじめよう。, お友達と2人で行く理由は、ひとりひとり違う, 2人で行く、3つのシーン, 特典, ご紹介する側 3STEP, ご紹介される側 3STEP, 「お友達と一緒だから、本音で話せる時間でした」, 気になる、よくある不安, ふたりで過ごす夜のストーリー, よくあるご質問","0.08720 s","29","256","107","","","https://urakare.jp/referral"
"","https://urakare.jp/therapist/4","","れい｜東京裏彼氏 セラピスト, 恋衣","東京裏彼氏","0.11364 s","36","358","73","","",""
"","https://urakare.jp/therapist/1","","ほまれ｜東京裏彼氏 セラピスト, HOMARE","東京裏彼氏","0.08985 s","40","308","298","","",""
"女風行ってみた｜1人目ハズレ、2人目で人生変わった体験談レポ | 東京の女風・女性用風俗なら【東京裏彼氏】","https://urakare.jp/column/interview/customer-interview-01","東京裏彼氏（ウラカレ）を利用した20代後半ミクさんのリアル体験談レポ。同じ日に2人のセラピストを呼び、1人目で「こんなもんか」、2人目で「これだ」と思った女風初体験。料金・流れ・正直な感想を本人の言葉でお届けします。","女風行ってみた｜1人目ハズレ、2人目で人生変わった体験談レポ","「しょうもない男が来るの嫌だった」――予約するまで, 1人目のセラピスト――「自分がキャバ嬢になってた」, 「これこれ。これ、待ってたんだよ」, 「痛くなかった。それがすごい」――あの日から変わったこと, セラピストから、そして同じ悩みを持つあなたへ, よくある質問, 関連記事, よく読まれている記事","0.09916 s","57","415","515","","","https://urakare.jp/column/interview/customer-interview-01"
"「なんでもっと早く予約しなかったんだろう」｜離婚後に女風で変わった30代後半の体験談レポ | 東京の女風・女性用風俗なら【東京裏彼氏】","https://urakare.jp/column/interview/customer-interview-03","30代後半、離婚を経験して自信をなくしていたMさん。2〜3ヶ月迷った末に女性用風俗を初体験。「なんでもっと早く電話しなかったんだろう」――美意識の復活、自己肯定感の回復、人生が前に動き出した体験談。","「なんでもっと早く予約しなかったんだろう」｜離婚後に女風で変わった30代後半の体験談レポ","「なんでもっと早く電話しなかったんだろう」, 「なかなか勇気が出なかった」――予約するまでの2〜3ヶ月, 「全ての頑張っている女性にオススメしたい」, 「綺麗になった姿を見てもらいたい」――美意識の復活, セラピストから、同じ悩みを持つあなたへ, よくある質問, 関連記事, よく読まれている記事","0.09572 s","49","342","206","","","https://urakare.jp/column/interview/customer-interview-03"
"'自分との約束を守れた日'から変わった｜女風レポ ミクさんインタビュー vol.2 | 東京の女風・女性用風俗なら【東京裏彼氏】","https://urakare.jp/column/interview/customer-interview-02","「推しの隣にふさわしい自分でいたい」――女性用風俗を利用してから、お花・ランニング・ジム・美容クリニックと自分磨きの連鎖が止まらなくなったミクさん（20代後半）のvol.2。自己肯定感が生まれる過程をリアルに語ります。","'自分との約束を守れた日'から変わった｜女風レポ ミクさんインタビュー vol.2","「自分との約束を守れた」――自己肯定感が生まれた瞬間, かっこいい人が隣にいて、一緒に走ろうって言ってくれた, ランニング→ジム→美容クリニック――変化が止まらなくなった理由, 「お花があるから、全部整えたくなる」――日常に根づいた変化, 「嫌でもないけど、満足もしてない」――変われない人と変われた人, 「推しの隣にふさわしい自分でいたい」, セラピストから――「推し活」がもたらす本当の変化, よくある質問, 関連記事, よく読まれている記事","0.30850 s","50","375","93","","","https://urakare.jp/column/interview/customer-interview-02"
"旦那の風俗発覚、どうする？｜女性用風俗で離婚を決めた37歳の女風レポ | 東京の女風・女性用風俗なら【東京裏彼氏】","https://urakare.jp/column/interview/customer-interview-04","旦那の風俗発覚から離婚まで7ヶ月。別居中、友達の誕生日プレゼントに女性用風俗（女風）をニコイチ利用した37歳エステ経営者アヤさんの体験談レポ。罪悪感ゼロが離婚の確証になった瞬間と、1年半通い続ける今。","旦那の風俗発覚、どうする？｜女性用風俗で離婚を決めた37歳の女風レポ","「旦那の顔は一切浮かびませんでした」——記事の核心, 小麦ちゃんの散歩中、目黒で見てしまった日, GPS、500万円の契約書、別居——半年の迷い, 「ですよね」——五反田で二度目の発覚, 友達の誕生日プレゼントとして、女風を選んだ理由, 恵比寿の夕方、LINEテレビ電話で繋いだ施術直前, 女子会で言われた「アヤあたり、サキはずれ」——顔に出てた体験の違い, 罪悪感ゼロが、離婚の最終確証になった, エステ経営者から見た、ほまれさんの施術, セラピストから、同じ悩みを持つあなたへ, よくある質問, 関連記事, よく読まれている記事","0.50215 s","61","617","255","","","https://urakare.jp/column/interview/customer-interview-04"
"女性用風俗（女風）とは何？流れ・料金・本番の有無を2,000人施術の現役オーナーが正直に答えます | 東京の女風・女性用風俗なら【東京裏彼氏】","https://urakare.jp/column/jofu-guide/hajimete-guide","女性用風俗（女風・じょふう）とは何をするところ？本番の有無・当日の流れ・所要時間・ホテル代込みの総額相場まで、全国No.1を2年連続受賞・2,000人施術の現役オーナーが正直に答えます。","女性用風俗（女風）とは何？2,000人施術・全国No.1の現役オーナーが解説","そもそも女風（女性用風俗）とは何をするところ？, 利用の流れ — 予約から解散まで, 料金はいくら？総額シミュレーション, 初めての方の不安Q&A, お客様のリアルな声, 失敗しないお店・セラピストの選び方, まだ勇気が出ない方へ — 行かなくてもいい、という選択肢, 最後に, 関連記事, よく読まれている記事","0.11051 s","68","549","960","","","https://urakare.jp/column/jofu-guide/hajimete-guide"
"女性用風俗のお店選び完全ガイド｜業界の中の人が教える、安全な店・危ない店の見分け方 | 東京の女風・女性用風俗なら【東京裏彼氏】","https://urakare.jp/column/jofu-guide/jofu-shop-guide","女性用風俗の選び方を業界オーナーが本音で解説。安全なお店を見抜く8つのチェックポイント、避けるべき危険信号、口コミの見分け方まで。初めてでも安心して選べる完全ガイド。","女性用風俗のお店選び完全ガイド｜業界の中の人が教える、安全な店・危ない店の見分け方","「興味はあるけど怖い」——あなただけじゃありません, なぜ「当たり外れ」が大きいのか——業界の構造を知る, 【ホームページ編】安全なお店を見抜く8つのチェックポイント, 【予約〜当日編】こんなお店は避けてください——3つの危険信号, 口コミは信用できる？——運営者が教える本音, 個人情報は大丈夫？——お店側のプライバシー管理の実態, 安心できるお店との出会い方, 関連記事, よく読まれている記事, 参考文献・出典一覧","0.12214 s","55","374","236","","","https://urakare.jp/column/jofu-guide/jofu-shop-guide"
"旦那や彼氏がいるのに女性用風俗（女風）は浮気? その罪悪感を、2,000人を接客した全国No.1現役セラピストが正直に答えます | 東京の女風・女性用風俗なら【東京裏彼氏】","https://urakare.jp/column/jofu-guide/partner-jofu","旦那や彼氏がいるのに女性用風俗を使うのは浮気？ 罪悪感の正体を、2,000人以上を担当した全国No.1現役セラピストが現場の本音で正直に答えます。既婚・彼氏持ち女性の6〜8割が来てくれる現場のリアルを、優しく分かりやすく。","旦那や彼氏がいるのに女性用風俗（女風）って浮気？ 全国No.1現役セラピストが正直に答えます","「旦那がいるのに」「彼氏いるのに」 来てくれる女性は6〜8割がパートナーあり, 「触れられたい」は、おかしくない。むしろ自然なこと, 女性用風俗は浮気？ 罪悪感の正体, あなたはどのタイプ？ 既婚・彼氏持ち女性が女風を使う5つの理由, 現役セラピストが見た「パートナーありの女性」のリアル, 今夜からできるセルフケア＋「女風」という選択肢, よくある質問（FAQ）, 関連記事, よく読まれている記事","0.08312 s","71","583","469","","","https://urakare.jp/column/jofu-guide/partner-jofu"
"ドラマ『ジョフウ』で話題の女性用風俗、実際はどう？｜原作の取材を受けた現役オーナーが語る | 東京の女風・女性用風俗なら【東京裏彼氏】","https://urakare.jp/column/jofu-guide/jofu-drama-reality","テレ東ドラマ『ジョフウ』を観て女性用風俗（女風）に興味を持った方へ。原作漫画の取材を受けた現役オーナーが、ドラマと現実の5つの違い・リアルな現場のエピソード・安全な利用方法まで正直にお話しします。","ドラマ『ジョフウ』で話題の女性用風俗、実際はどう？｜原作の取材を受けた現役オーナーが語る","ドラマ「ジョフウ」とは？, 僕と「ジョフウ」の関係, 現役オーナーが検証！ドラマと現実の5つの違い, 「事実は小説より奇なり」——ドラマが描けなかった現場のエピソード, プレケア＝プレジャーケア（女性用風俗 / 女風）のリアルな流れ（120分コース）, 初めての方へ：安全な店舗の選び方, よくある質問（FAQ）, 最後に——僕がこの記事を書いた理由, 関連記事, よく読まれている記事","0.21735 s","66","456","153","","","https://urakare.jp/column/jofu-guide/jofu-drama-reality"
"女性用風俗の当日の流れ｜予約〜退室まで完全シミュレーション | 東京の女風・女性用風俗なら【東京裏彼氏】","https://urakare.jp/column/jofu-guide/jofu-day-flow","女性用風俗の当日の流れを、現役オーナーが予約〜退室まで完全シミュレーション。持ち物・服装・ホテル選び・シャワー・お金の渡し方まで。初めてでも安心の完全ガイド。","女性用風俗の当日の流れ｜予約〜退室まで完全シミュレーション","予約の流れ｜「今日空いてますか？」が一番多い, 持ち物 & 服装ガイド｜「楽しもうって気持ち」だけでいい, 場所選び｜ラブホテルが実はベスト, 当日タイムライン｜120分コースの場合, 「体型が気になって…」｜プロの本音, よくある質問10選, まだ迷ってるあなたへ, 関連記事, よく読まれている記事, 参考文献・出典一覧","0.18353 s","61","842","549","","","https://urakare.jp/column/jofu-guide/jofu-day-flow"
"こだわり検索 | 東京裏彼氏 | 東京の女風・女性用風俗なら【東京裏彼氏】","https://urakare.jp/search?area=新宿","年齢・身長・イメージであなたにぴったりのセラピストを検索。","こだわり検索","","0.11123 s","22","64","7","","noindex",""
"こだわり検索 | 東京裏彼氏 | 東京の女風・女性用風俗なら【東京裏彼氏】","https://urakare.jp/search?area=渋谷","年齢・身長・イメージであなたにぴったりのセラピストを検索。","こだわり検索","","0.09260 s","22","64","7","","noindex",""
"こだわり検索 | 東京裏彼氏 | 東京の女風・女性用風俗なら【東京裏彼氏】","https://urakare.jp/search?area=銀座","年齢・身長・イメージであなたにぴったりのセラピストを検索。","こだわり検索","","0.09067 s","22","64","7","","noindex",""
"こだわり検索 | 東京裏彼氏 | 東京の女風・女性用風俗なら【東京裏彼氏】","https://urakare.jp/search?area=六本木","年齢・身長・イメージであなたにぴったりのセラピストを検索。","こだわり検索","","0.10808 s","22","64","7","","noindex",""
"こだわり検索 | 東京裏彼氏 | 東京の女風・女性用風俗なら【東京裏彼氏】","https://urakare.jp/search?area=表参道","年齢・身長・イメージであなたにぴったりのセラピストを検索。","こだわり検索","","0.10691 s","22","64","7","","noindex",""
"こだわり検索 | 東京裏彼氏 | 東京の女風・女性用風俗なら【東京裏彼氏】","https://urakare.jp/search?area=恵比寿","年齢・身長・イメージであなたにぴったりのセラピストを検索。","こだわり検索","","0.09107 s","22","64","7","","noindex",""
"こだわり検索 | 東京裏彼氏 | 東京の女風・女性用風俗なら【東京裏彼氏】","https://urakare.jp/search?area=赤坂","年齢・身長・イメージであなたにぴったりのセラピストを検索。","こだわり検索","","0.10608 s","22","64","7","","noindex",""
"こだわり検索 | 東京裏彼氏 | 東京の女風・女性用風俗なら【東京裏彼氏】","https://urakare.jp/search?area=上野","年齢・身長・イメージであなたにぴったりのセラピストを検索。","こだわり検索","","0.08785 s","22","64","7","","noindex",""
"こだわり検索 | 東京裏彼氏 | 東京の女風・女性用風俗なら【東京裏彼氏】","https://urakare.jp/search?area=池袋","年齢・身長・イメージであなたにぴったりのセラピストを検索。","こだわり検索","","0.09697 s","22","64","7","","noindex",""
"こだわり検索 | 東京裏彼氏 | 東京の女風・女性用風俗なら【東京裏彼氏】","https://urakare.jp/search?area=浅草","年齢・身長・イメージであなたにぴったりのセラピストを検索。","こだわり検索","","0.10283 s","22","64","7","","noindex",""
"こだわり検索 | 東京裏彼氏 | 東京の女風・女性用風俗なら【東京裏彼氏】","https://urakare.jp/search?area=品川","年齢・身長・イメージであなたにぴったりのセラピストを検索。","こだわり検索","","0.13365 s","22","64","7","","noindex",""
"こだわり検索 | 東京裏彼氏 | 東京の女風・女性用風俗なら【東京裏彼氏】","https://urakare.jp/search?area=目黒","年齢・身長・イメージであなたにぴったりのセラピストを検索。","こだわり検索","","0.09244 s","22","64","7","","noindex",""
"こだわり検索 | 東京裏彼氏 | 東京の女風・女性用風俗なら【東京裏彼氏】","https://urakare.jp/search?area=中目黒","年齢・身長・イメージであなたにぴったりのセラピストを検索。","こだわり検索","","0.09207 s","22","64","7","","noindex",""
"こだわり検索 | 東京裏彼氏 | 東京の女風・女性用風俗なら【東京裏彼氏】","https://urakare.jp/search?area=代官山","年齢・身長・イメージであなたにぴったりのセラピストを検索。","こだわり検索","","0.09872 s","22","64","7","","noindex",""
"こだわり検索 | 東京裏彼氏 | 東京の女風・女性用風俗なら【東京裏彼氏】","https://urakare.jp/search?area=青山","年齢・身長・イメージであなたにぴったりのセラピストを検索。","こだわり検索","","0.12630 s","22","64","7","","noindex",""
"こだわり検索 | 東京裏彼氏 | 東京の女風・女性用風俗なら【東京裏彼氏】","https://urakare.jp/search?area=麻布十番","年齢・身長・イメージであなたにぴったりのセラピストを検索。","こだわり検索","","0.09174 s","22","64","7","","noindex",""
"こだわり検索 | 東京裏彼氏 | 東京の女風・女性用風俗なら【東京裏彼氏】","https://urakare.jp/search?area=横浜","年齢・身長・イメージであなたにぴったりのセラピストを検索。","こだわり検索","","0.08258 s","22","64","7","","noindex",""
"こだわり検索 | 東京裏彼氏 | 東京の女風・女性用風俗なら【東京裏彼氏】","https://urakare.jp/search?area=大宮","年齢・身長・イメージであなたにぴったりのセラピストを検索。","こだわり検索","","0.10123 s","22","64","7","","noindex",""
"利用規約 | 東京の女風・女性用風俗なら【東京裏彼氏】","https://urakare.jp/terms","東京裏彼氏のサービス利用規約です。ご利用前に必ずお読みください。","利用規約","第1条（適用）, 第2条（サービスの内容）, 第3条（利用条件）, 第4条（禁止事項）, 第5条（予約・キャンセル）, 第6条（料金・お支払い）, 第7条（免責事項）, 第8条（秘密厳守）, 第9条（規約の変更）, 第10条（準拠法・管轄）","0.11375 s","20","85","35","","",""
"プライバシーポリシー | 東京の女風・女性用風俗なら【東京裏彼氏】","https://urakare.jp/privacy","東京裏彼氏の個人情報保護方針です。お客様の個人情報の取り扱いについて説明しています。","プライバシーポリシー","1. 個人情報の収集, 2. 個人情報の利用目的, 3. 個人情報の管理, 4. 第三者への提供, 5. アクセス解析ツールについて, 6. お客様の権利, 7. ポリシーの変更, 8. お問い合わせ","0.09560 s","20","80","35","","",""
"特定商取引法に基づく表記 | 東京の女風・女性用風俗なら【東京裏彼氏】","https://urakare.jp/tokushoho","東京裏彼氏の特定商取引法に基づく表記です。","特定商取引法に基づく表記","","0.09308 s","20","66","35","","",""
"編集ポリシー｜ウラカレコラム — プレジャーケアのメディアの信念と基準 | 東京の女風・女性用風俗なら【東京裏彼氏】","https://urakare.jp/column/editorial-policy","ウラカレコラムの編集ポリシー。プレジャーケア（女性が自分を喜ばせる新しいケア）を提案するメディアとして、どのような基準・プロセスで記事を制作しているかを説明します。科学的エビデンスと2,000人以上の現場経験に基づく、信頼できるセクシャルウェルネス情報をお届けするための取り組み。","ウラカレコラムの編集ポリシー","僕たちは何を届けるメディアか, コンテンツ制作の基本姿勢, 誰のためのメディアか, 記事ができるまで, 出典・参考文献のルール, ウラカレコラムが書かないこと, 対象年齢とコンテンツについて, 著者・執筆体制, 広告・利益相反ポリシー, 訂正依頼・お問い合わせ","0.08883 s","11","143","672","","","https://urakare.jp/column/editorial-policy"
"セルフプレジャーのやり方・おすすめグッズ・悩み解決｜女性のための完全ガイド - ウラカレコラム | 東京の女風・女性用風俗なら【東京裏彼氏】","https://urakare.jp/column/self-pleasure","中イキ・外イキのやり方、一人でも気持ちいい方法、おすすめグッズ、「罪悪感」との向き合い方まで。女性のセルフプレジャーに関する正直な情報をタブーなしでお届けします。","セルフプレジャー完全ガイド — 自分の体を知ることから始めよう","ARTICLES, 女性のオナニーの'正しい'やり方｜2,000人を見てきた女風のプロが本音で解説, 女性の性欲は恥ずかしくない｜年代別の変化と付き合い方, 中イキのやり方・方法・前兆｜できない人向け練習ステップ・女性2,000人をケアした女風セラピストが解説, セルフプレジャーに罪悪感を感じなくていい理由｜2,000人の女性を見てきたセラピストの本音, プロの手で、新しい感覚を体験してみませんか？","0.08996 s","21","75","57","","","https://urakare.jp/column/self-pleasure"
"女性用風俗（女風）はじめてガイド｜綺麗事を書かない総合案内所｜ウラカレコラム | 東京の女風・女性用風俗なら【東京裏彼氏】","https://urakare.jp/column/jofu-guide","「気になるけど怖い、ちょっと恥ずかしい」女風の入口に、僕たちから地図を。料金・当日の流れ・お店とセラピストの選び方、心の引っかかりまで。2,000人を担当した現役オーナーが、綺麗事を書かない総合案内所として正直に。","怖いを、半分に。恥ずかしいを、ゼロに。","あなたは今、どのあたりにいますか？, 2,000人の現場から、見えてきた数字, 「私は、この人に近いかも」から読むFAQ, 迷いやすいところを、並べて見る, このガイドを書いている僕たちのこと, 隣の誰かは、どんな夜を過ごしているか, 迷ったら、人に聞いていい。","0.11246 s","78","749","141","","","https://urakare.jp/column/jofu-guide"
"寂しい夜の過ごし方・心のセルフケア｜夜の処方箋 - ウラカレコラム | 東京の女風・女性用風俗なら【東京裏彼氏】","https://urakare.jp/column/night-care","「夜が寂しい」「誰かに触れたい」「一人の夜がつらい」——その気持ちは自然なこと。一人の夜を心地よく過ごすヒントと、自分を満たす方法をご紹介します。","夜の処方箋 — 寂しい夜を自分らしく過ごすために","ARTICLES, 自己肯定感が低い女性へ｜夜寝る前の“自分を抱きしめる”習慣, 眠れない夜に試したい入眠テクニック5選｜自律神経を味方にする, セックスレスに悩む女性へ｜浮気でも我慢でもない「第三の選択肢」とは, 寂しい夜の過ごし方7選｜“夜だけ寂しくなる”のは脳のせいだった, 一人じゃなくてもいい夜があります","0.12396 s","21","76","51","","","https://urakare.jp/column/night-care"
"女性のセルフケア・セルフマッサージ・リラクゼーション習慣 - ウラカレコラム | 東京の女風・女性用風俗なら【東京裏彼氏】","https://urakare.jp/column/body-care","肩こり・疲れ・眠れない夜に。おうちでできるセルフマッサージ、アロマの使い方、リラクゼーション習慣をプロの視点からご紹介します。","カラダのセルフケア — 自分を癒す習慣のつくりかた","ARTICLES, デリケートゾーンケア完全ガイド｜'あそこ'の洗い方・におい対策, セックスが痛い…我慢してない？｜53.6%が経験する原因と対処法, セルフケアでは届かない深い癒しを、プロの手で","0.11122 s","19","61","38","","","https://urakare.jp/column/body-care"
"男性セラピスト求人｜女性用風俗の採用・給料・研修 全公開｜ウラカレコラム | 東京の女風・女性用風俗なら【東京裏彼氏】","https://urakare.jp/column/industry","男性セラピストの仕事・給与・研修・キャリアを、2,000人施術実績の現役オーナー・ほまれが全部本音で公開。7段階キャリアランク、MBTI適性診断、動画インタビュー。ウラカレコラム。","業界のリアル、全部書く。男性セラピスト採用メディア","採用しているのは、業界5年の現役オーナーです。, あなたのセラピスト適性タイプ診断, 7段階キャリアランク, 給与進捗タイムライン, 2年連続No.1の女性用風俗オーナーが語る、男として身につく一生のスキル。, 採用向けコラム, 現役セラピストのリアルボイス, 業界リテラシー・啓蒙コラム, 人気業界記事ランキング, ペルソナ別よくある質問, 採用方針6条, 採用における信頼の根拠, 話を聞いてみませんか？","0.09828 s","36","506","110","","","https://urakare.jp/column/industry"
"女性用風俗のリアル女風レポ｜編集部が取材した利用者インタビュー集｜ウラカレコラム | 東京の女風・女性用風俗なら【東京裏彼氏】","https://urakare.jp/column/interview","女性用風俗のリアル女風レポ集。「怖い」「気になる」を抱えて初めて行った人、3年半リピートする人。2,000人に向き合った現場プロ編集長が、謝礼なしで取材した利用者の本当の声を、第三者目線で編集してお届けします。ウラカレコラム。","女風レポ、編集部が取材した本当のところ。","取材しているのは、こんな編集部です。, あなたは今、どのあたりにいますか？, 隣の誰かは、どんな夜を過ごしているか, 編集部の取材から、見えてきた数字, 取材で出会った、忘れられない言葉, あなたに近い体験者を探す, 編集部の取材ポリシー, 「私は、この人に近いかも」から読むFAQ, このガイドを書いている僕たちのこと, 動画で読むウラカレ, 読んだ感想を、LINEで送ってもらえると嬉しいです。","0.09950 s","44","735","86","","","https://urakare.jp/column/interview"
"女性のオナニーの'正しい'やり方｜2,000人を見てきた女風のプロが本音で解説 | 東京の女風・女性用風俗なら【東京裏彼氏】","https://urakare.jp/column/self-pleasure/self-pleasure-guide","女性のオナニーのやり方を、女性用風俗（女風）のプロが本音で解説。足ピン・床オナ・強すぎる刺激など「間違ったやり方」の直し方から、初心者向けステップガイドまで。2,000人以上の施術経験と科学的エビデンスに基づくセルフプレジャー完全ガイド。","女性のオナニーの'正しい'やり方｜2,000人を見てきた女風のプロが本音で解説","セルフプレジャーは'自分を大切にする行為', 多くの女性がやっている'間違ったオナニー'4つ, セルフチェック — あなたのやり方、大丈夫？, 本当に気持ちいいセルフプレジャーのやり方【ステップガイド】, 足ピン・強刺激からの「卒業ステップ」, 「濡れない」「イけない」 — よくある悩みQ&A, 自分の体を知ることから始めよう, 関連記事, よく読まれている記事, 参考文献・出典一覧","0.11352 s","72","638","238","","","https://urakare.jp/column/self-pleasure/self-pleasure-guide"
"女風（女性用風俗）はどこまで？「本番」はなぜ起きるのか｜全国No.1まで走ってわかった業界構造 | 東京の女風・女性用風俗なら【東京裏彼氏】","https://urakare.jp/column/jofu-guide/honban-real-talk","女風（女性用風俗）はどこまで？本番はないが、なぜ一部で起きるのか。全国No.1まで2,000人を接客した現役オーナーが、業界構造と男女の非対称を、きれいごと抜きで解剖します。","女風で「本番」はなぜ起きる？きれいごと抜きの業界の話","「本番はない」、その先の「どこまで」という問い, 現場で、本当のところ何が起きているのか, なぜ本番は起きるのか｜3つの構造, 本番を「求める」側の話。需要も、この構造をつくる, 本番に頼る子が、むしろ消える理由, なぜ女風の「本番」は、薄っぺらいのか, では、本当に価値があるのは何か, お店はどう防ぐのか。そして、その限界, で、結局、お店はどう選べばいいのか, よくある質問（FAQ）, 関連記事, よく読まれている記事, 参考文献・出典一覧","0.09852 s","65","583","477","","","https://urakare.jp/column/jofu-guide/honban-real-talk"
"中イキのやり方・方法・前兆｜できない人向け練習ステップ・女性2,000人をケアした女風セラピストが解説 | 東京の女風・女性用風俗なら【東京裏彼氏】","https://urakare.jp/column/self-pleasure/nakaiki-guide","中イキのやり方・方法・前兆・できない理由を、女性2,000人をケアした全国No.1女風セラピストが解説。セックスだけでイケる女性は約18%。できないのは普通のこと。練習方法・体のサイン・心のブレーキの外し方まで。","中イキ、できないのはおかしい？｜延べ2,000人と向き合ってわかったこと","中イキの仕組み｜あなたの体の中で何が起きているのか, 「中イキできない」は普通のこと, 2,000人をカウンセリングして見えた4つのパターン, 中イキの前兆｜体が出す4つのサイン, 一人でできる中イキ練習ステップガイド, 心のブレーキを外す, プロのセラピストと一緒に開発するという選択肢, 最後に｜「気にしなくなってからが始まり」, よくある質問, 関連記事, よく読まれている記事, 参考文献・出典一覧","0.21881 s","76","760","399","","","https://urakare.jp/column/self-pleasure/nakaiki-guide"
"女風で働くとモテる男になる理由。前戯テクから沼らせスキルまで｜2年連続No.1オーナーの本音 | 東京の女風・女性用風俗なら【東京裏彼氏】","https://urakare.jp/column/industry/male-lifelong-skills","女性の46%は演技している（anan2025）。日本人男性の平均経験人数は12.3人、僕たちは4年で2,000人。女性用風俗（女風）セラピストでしか身につかない、男として一生使えるスキル7つを、2年連続No.1だった現役オーナーが現場の本音で全部公開する。","女風セラピストで男が身につく一生のスキル7つ｜2年連続No.1オーナーの本音","女性心理の深い理解 — 言葉の裏を読む力, 本物の聞く力（傾聴）— 営業でも家庭でも最強の武器, プロのボディテクニック — 大切な人に一生提供できる手の技, 女性を本当に満足させるセクシャルテクニック — 中イキ・外イキ・脳イキ, 安心感を作る8つのテクニック — 明日から真似できる, 営業・セールストーク — 独立・起業への最短ルート, メンタルマネジメント — 強者のマインドセットが身につく, プロとしての品格 — 環境が男を作る, 強者のマインドセット — 男として一生使えるスキル7つを身につけた男はどう変わるか, よくある質問, まとめ — 男として一生使えるスキルを身につけた、少数派の男へ, 話を聞いてみませんか？, 関連記事, よく読まれている記事, 参考文献・出典一覧","0.08363 s","60","558","107","","","https://urakare.jp/column/industry/male-lifelong-skills"
"プレジャーケアとは？女性が自分を喜ばせる3原則｜ウラカレコラム | 東京の女風・女性用風俗なら【東京裏彼氏】","https://urakare.jp/column/industry/pleasure-care-toha","プレジャーケアとは、女性がいつも主役でいられる時間。感じる・繋がる・受け入れるの3原則と、対価が守る「嫌と言える自由」を、延べ2,000人に向き合ってきた現役セラピスト・編集長ほまれが提唱します。","プレジャーケアとは？女性が自分を喜ばせる3原則｜ウラカレコラム","プレジャーケアとは何か, なぜ「プレジャーケア」という言葉を作ったのか, プレジャーケアの3原則, なぜプレジャーケアでは、自分を主役でいられるのか, なぜプレジャーケアが必要なのか, プレジャーケアへの3ステップ, プレジャーケアを支える科学, プレジャーケアがもたらす変化, よくある誤解, 今日から始める小さな一歩, 既に使ったことがある方へ, よくある質問（FAQ）, 関連記事, 関連記事, よく読まれている記事, 参考文献・出典一覧","0.40161 s","60","604","232","","","https://urakare.jp/column/industry/pleasure-care-toha"
"処女のあなたへ。女性用風俗という選択肢の本当の意味 | 東京の女風・女性用風俗なら【東京裏彼氏】","https://urakare.jp/column/jofu-guide/virgin-jofu","「処女で女性用風俗?」と検索したあなたへ。2,000人以上の女性を施術してきたオーナーが、25歳まで童貞だった自身の体験と、男目線×プロ視点で「初体験を本気で考える」記事を書きました。","処女のあなたへ。女性用風俗という選択肢の本当の意味","夜23時、「処女 取り残された」で検索したあなたへ, 実は、日本の20代女性の3人に1人が処女です, 「痛い」「出血する」は本当か? 医学が明かす処女膜の真実, 今夜、あなた一人でできる性的準備, 「初体験は好きな人と」、25歳まで童貞だった僕が思うこと, 「性的な経験の準備」は、別の話 — 女風という選択肢を中立に, 男目線の本音 — 2,000人を担当してきた僕が思うこと, プロの手で何が変わるか — 1本指、10〜30分、気持ちいい場所探し, 選択肢を整理する — 好きな人 / プロと予習 / アプリ / 業者, 25歳まで童貞だった僕から、あなたへの手紙, よくある質問, 関連記事, よく読まれている記事, 参考文献・出典一覧","0.12758 s","89","1053","345","","","https://urakare.jp/column/jofu-guide/virgin-jofu"
"女風セラピストの収入事情｜バック率と月収モデルを現役オーナーが全部公開する | 東京の女風・女性用風俗なら【東京裏彼氏】","https://urakare.jp/column/industry/therapist-income","「1ヶ月目の手取りは15万だった」——営業マンから女風セラピストに転身し、全国1位を経て独立したオーナーが、バック率の仕組み・月収シミュレーション・業界の闇まで全部隠さず公開します。","女風セラピストの収入事情｜バック率と月収モデルを現役オーナーが全部公開する","この仕事の1ヶ月目、手取りは15万だった, バック率の闇 — 全国1位でも50%だった, だから、全部変えた — 東京裏彼氏のスライド制, 7つの違い — 業界の「当たり前」と東京裏彼氏, 月収シミュレーション — 週2、週3、フルで働いたら, 「最初は稼げないんでしょ？」 — 正直に答える, なぜこの仕組みにしたか — お金の話だけじゃ終われない, よくある質問（FAQ）, 最後に, 話を聞いてみませんか？, 関連記事, よく読まれている記事, 参考文献・出典一覧","0.10506 s","52","477","404","","","https://urakare.jp/column/industry/therapist-income"
"ウラカレコラム 全記事一覧 | 東京の女風・女性用風俗なら【東京裏彼氏】","https://urakare.jp/column/all","ウラカレコラムに掲載されたすべての記事のアーカイブ。プレジャーケア・セクシャルウェルネス・セルフケアに関する全記事を一覧で確認できます。","すべての記事","","0.10130 s","48","386","1","","noindex","https://urakare.jp/column/all"
"女性用風俗を自宅で受けるときの準備｜現役セラピストが本音で教えます | 東京の女風・女性用風俗なら【東京裏彼氏】","https://urakare.jp/column/jofu-guide/jofu-home-preparation","女性用風俗（女風）を自宅に呼ぶ時の準備を現役セラピストが本音で解説。掃除の範囲、温度設定、バレ対策、オイル汚れ対策まで。これだけやればOKのリスト付き。","女性用風俗を自宅で受けるときの準備｜現役セラピストが本音で教えます","自宅 vs ホテル — どっちがいいの？, 当日やることはこれだけ, セラピストが本音で教える「これだけでOK」準備リスト, セラピストが持参するもの・お客様にお願いしていること, バレない対策, よくある質問, 最後に, 関連記事, よく読まれている記事, 参考文献・出典一覧","0.11742 s","59","497","123","","","https://urakare.jp/column/jofu-guide/jofu-home-preparation"
"セックスレスに悩む女性へ｜浮気でも我慢でもない「第三の選択肢」とは | 東京の女風・女性用風俗なら【東京裏彼氏】","https://urakare.jp/column/night-care/sexless-solutions-for-women","既婚者の68.2%がセックスレス傾向。「話し合い」だけでは解決しない現実に向き合い、浮気でも我慢でもない第三の選択肢を提案します。2,000人以上の女性と向き合ってきたセラピストが、自分を取り戻すためのセルフケアを語ります。","セックスレスに悩む女性へ｜浮気でも我慢でもない「第三の選択肢」とは","あなたは悪くない——68.2%がセックスレスという現実, セックスレスが静かに壊すもの——自己肯定感とタッチ飢餓, 「話し合い」だけでは解決しない理由, 「セックスの再開」がゴールじゃなくていい, 浮気でも我慢でもない、第三の選択肢, 「大切にされる体験」が自分を取り戻す——セラピストが見てきた変化, よくある質問, セックスレスに苦しんでいるあなたへ, 関連記事, よく読まれている記事, 参考文献・出典一覧","0.40687 s","68","462","237","","","https://urakare.jp/column/night-care/sexless-solutions-for-women"
"デリケートゾーンケア完全ガイド｜'あそこ'の洗い方・におい対策 | 東京の女風・女性用風俗なら【東京裏彼氏】","https://urakare.jp/column/body-care/delicate-zone-care-guide","「あそこのケア、誰にも聞けない…」。2,000人以上の女性を担当した現役セラピストが、デリケートゾーンの正しい洗い方・におい対策・黒ずみの真実を、最新の科学研究と現場の経験をもとに徹底解説します。","デリケートゾーンケア完全ガイド｜'あそこ'の洗い方・におい対策","「あそこ」のケア、恥ずかしくて聞けないあなたへ, デリケートゾーンの科学｜膣内フローラとpHの仕組み, デリケートゾーンの正しい洗い方｜「洗いすぎ」が最大のリスク, におい・黒ずみ・かゆみの真実｜あなたの身体は「正常」です, 年代別ケアガイド｜20代から更年期まで, デリケートゾーンの自信が、あなたの人生を変える, プロのセラピストが教える「本当のケア」, さいごに——「気にしてる時点で、あなたは素晴らしい」, よくある質問, 関連記事, よく読まれている記事, 参考文献・出典一覧","0.38486 s","62","884","107","","","https://urakare.jp/column/body-care/delicate-zone-care-guide"
"ほまれ｜東京裏彼氏 オーナー / 現役セラピスト・女性用風俗（女風）No.1 - ウラカレコラム | 東京の女風・女性用風俗なら【東京裏彼氏】","https://urakare.jp/column/author/homare","東京裏彼氏オーナー・現役セラピストのほまれ。元東京秘密基地グループで最高セラピストグランプリ全国1位を2年連続受賞（2024・2025）。セラピスト歴5年目、延べ2,000人以上の女性を担当。ABEMA TV・モデルプレス・ViVi等メディア出演多数。漫画『僕は春をひさぐ』（講談社パルシィ・3巻）SPECIAL THANKS、漫画『真・女性に風俗って必要ですか？』（新潮社くらげバンチ）取材協力（テレ東ドラマ『ジョフウ』原作）。","ほまれ","経歴, 専門知識・研修歴, 東京裏彼氏のセラピスト研修制度, 受賞歴, メディア出演・掲載, 僕がこの仕事に人生を捧げる理由, 育ててくれた場所への恩返し, ほまれに会いに行く, 記事執筆の姿勢, 大切にしていること, この著者の記事","0.10093 s","59","367","685","","","https://urakare.jp/column/author/homare"
"東京の女風セラピスト人気ランキング｜東京裏彼氏","https://urakare.jp/ranking","東京の女風（女性用風俗）「東京裏彼氏（裏カレ）」の人気セラピストランキング。指名ポイント・口コミにもとづく最新の順位をデイリー・ウィークリー・マンスリーで確認できます。","","","0.10655 s","5","4","4","","","https://urakare.jp/ranking"
"ラブホに一人で入るの恥ずかしい？女性用風俗歴5年・2,000人を見てきた現役オーナーの回答 | 東京の女風・女性用風俗なら【東京裏彼氏】","https://urakare.jp/column/jofu-guide/hotel-anxiety","ラブホに一人で入るのが恥ずかしい…実はその不安、知らないだけかもしれません。思っているほど、他人はあなたを見ていません。女性用風俗歴5年・2,000人を見てきた現役オーナーが、入り方・受付・流れから待ち合わせまで現場のリアルをお伝えします。知れば、怖くない。","ラブホ入るの恥ずかしい？知れば、怖くない","ラブホに一人で入るの、正直恥ずかしいですよね, ラブホ vs 自宅、あなたに合うのはどっち？, 「ラブホ恥ずかしい」の正体｜知らないだけの話, ラブホを知れば怖くない、知らないから恥ずかしいだけ, ラブホに一人で入るのが無理でも「セラピストと待ち合わせ」でOK, よくある質問, 関連記事, よく読まれている記事","0.11995 s","52","426","200","","","https://urakare.jp/column/jofu-guide/hotel-anxiety"
"30代女性の女性用風俗ガイド｜2,000人施術したオーナーが見た「30代が一番変わる」理由 | 東京の女風・女性用風俗なら【東京裏彼氏】","https://urakare.jp/column/jofu-guide/jofu-30dai-guide","30代は女性用風俗を一番楽しめる年代。セックスレス率67.8%、利用者の最多年齢層。年齢の不安を2,000人施術した現役オーナーが数字と現場のリアルで解消します。","30代女性の女性用風俗ガイド｜2,000人施術したオーナーが見た「30代が一番変わる」理由","30代女性の67.8%がセックスレス——あなたは一人じゃない, 30代の性欲は「異常」じゃない——科学が証明する「成熟」, 女性用風俗の利用者ってどんな年齢層？｜30代が一番多い理由, 「話し合い」だけじゃ、どうにもならない時がある, 「セカンドバージン」を超えた先にあるもの, 30代の「今」がベストタイミングな理由, 初めての方へ——30代の利用ガイド, よくある質問, 30代のあなたへ, 関連記事, よく読まれている記事, 参考文献・出典一覧","0.09112 s","61","452","120","","","https://urakare.jp/column/jofu-guide/jofu-30dai-guide"
"女性用風俗が「怖い」あなたへ｜現役オーナーが10の誤解を本音で解説 | 東京の女風・女性用風俗なら【東京裏彼氏】","https://urakare.jp/column/jofu-guide/jofu-misconceptions","女性用風俗（女風）が気になるけど怖い、恥ずかしい、バレないか心配——。2,000人以上を施術した現役オーナーが、よくある10の誤解を科学データと現場の本音で一つずつ解消します。","女性用風俗が「怖い」あなたへ｜現役オーナーが10の誤解を本音で解説","誤解① 「怖い場所」→ 怖いのは“知らない”から, 誤解② 「本番（性行為）がある」→ 法律で禁止されています, 誤解③ 「違法・グレーゾーン」→ 届出済みの合法サービスです, 誤解④ 「バレたら人生終わり」→ バレる確率より、恐怖のコストの方が大きい, 誤解⑤ 「恥ずかしい人が行くところ」→ それ、ダブルスタンダードの罠です, 誤解⑥ 「特殊な人しか行かない」→ 街中を歩いてる、全ての女性が来ます, 誤解⑦ 「パートナーへの裏切り」→ セルフケアと浮気は別の話, 誤解⑧ 「トラブルだらけ」→ 安全な店には、安全な理由がある, 誤解⑨ 「一度行くと依存する」→ 依存と充足は、全然違う, 誤解⑩ 「男性用風俗の女性版」→ 目的も体験も、全く別物です, 女風に興味があるけど迷っているあなたへ, よくある質問（FAQ）, 関連記事, よく読まれている記事","0.10350 s","58","491","156","","","https://urakare.jp/column/jofu-guide/jofu-misconceptions"
"自己肯定感が低い女性へ｜夜寝る前の“自分を抱きしめる”習慣 | 東京の女風・女性用風俗なら【東京裏彼氏】","https://urakare.jp/column/night-care/self-esteem-embrace","自己肯定感が低い女性が夜に自分を責めてしまう理由を脳科学で解説。20秒のセルフハグ・バタフライハグ・セルフコンパッション日記など、今夜からできる「自分を抱きしめる」習慣を、延べ2,000人以上を担当した現役セラピストが紹介します。","自己肯定感が低い女性へ｜夜寝る前の“自分を抱きしめる”習慣","日本の女性の自己肯定感は、7カ国で最低, なぜ「夜」に自己肯定感が下がるのか, “自分を抱きしめる”が科学的に効く理由, 今夜からできる「寝る前セルフハグ」3つのやり方, セルフコンパッション日記：寝る前3行で変わる, セラピストとして伝えたいこと——僕自身の話, 一人でがんばらなくていい, あなたへのメッセージ, よくある質問, 関連記事, よく読まれている記事, 参考文献・出典一覧","0.44335 s","67","568","232","","","https://urakare.jp/column/night-care/self-esteem-embrace"
"女風セラピストはきつい？やめたい・続かない・接客がしんどい、現役5年の本音レポート | 東京の女風・女性用風俗なら【東京裏彼氏】","https://urakare.jp/column/industry/therapist-reality","「女風セラピストは、きついのか、やめたい時はどうするのか」 - 東京秘密基地時代に全国No.1の経験を持つ現役5年・現オーナーが、接客がしんどい瞬間と踏みとどまった理由を本音で語ります。","女風セラピスト『やめたい』と思った夜｜現役5年・オーナーの本音","お客様がきつい瞬間  - 「きつい面」6つの実態, 「やめたい」と思った夜の話  - たった一度だけあった例外, メンタルが折れないための日常  - 「だらだらしない」のルーティン, それでも続ける理由  - お客様の笑顔と感謝, 女風セラピストの1日  - 予約から解散まで, 女性用風俗のセラピストに向いている人、向いていない人, 僕がこの仕事を選んだ理由  - 営業マンからの転身, 「うちの店はここが違う」  - ウラカレの環境, よくある質問（FAQ）, 最後に  - 「怪しい時が一番参入し時」, 話を聞いてみませんか？, 関連記事, よく読まれている記事","0.14544 s","55","645","431","","","https://urakare.jp/column/industry/therapist-reality"
"女風セラピストのメンタルケア｜誰にも言えない5つの悩みと、それでも「最高に面白い」と思える理由 | 東京の女風・女性用風俗なら【東京裏彼氏】","https://urakare.jp/column/industry/therapist-mental-care","「しんどい。でも最高に面白い」——施術歴5年・2,000人以上を担当した現役オーナーが、女風セラピストの5つのメンタル課題と具体的セルフケア、それでもこの仕事を続ける理由を本音で語ります。","女風セラピストのメンタルケア｜誰にも言えない5つの悩みと、それでも「最高に面白い」と思える理由","「誰かを癒す仕事」が、なぜ自分を蝕むのか, セラピストのメンタルを追い詰める「感情労働」の正体, 女性用風俗セラピストが直面する「5大メンタル課題」, 科学が教える「効くセルフケア」——5大課題への処方箋, 「一人で抱えなくていい」——組織的メンタルケアの力, 「この仕事を選んでよかった」と思える場所, 「癒す側」のケアを本気で考えている環境で働きませんか？, よくある質問, 話を聞いてみませんか？, 関連記事, よく読まれている記事, 参考文献・出典一覧","0.36231 s","72","749","162","","","https://urakare.jp/column/industry/therapist-mental-care"
"","https://urakare.jp/therapist/4/reviews","","れいの口コミ","","0.09163 s","27","278","21","","",""
"","https://urakare.jp/therapist/1/reviews","","ほまれの口コミ","","0.09621 s","29","1944","143","","",""
"","https://urakare.jp/therapist/4/diary","","","","0.10855 s","22","35","13","","",""
"","https://urakare.jp/therapist/4/diary/3d2b988e-62b1-42cb-9934-023c48da7063","","急いで待ち合わせに向かいながら歩いて自撮り(笑)","","0.86977 s","49","174","18","","",""
"","https://urakare.jp/therapist/4/diary/3a732f5c-ea67-4adb-b25d-3c775910c52f","","出勤！","","0.81985 s","49","173","18","","",""
"","https://urakare.jp/therapist/4/diary/453dc909-e93d-42a9-8b96-d7e244cc3168","","初出勤","","0.23522 s","49","174","18","","",""
"","https://urakare.jp/therapist/1/diary","","","","0.09184 s","22","35","29","","",""
"","https://urakare.jp/therapist/1/diary/247447c5-8518-4be8-b702-6dee1d031fc0","","【ViVi11月号】掲載のお知らせ","","0.24242 s","51","176","18","","",""
"","https://urakare.jp/therapist/1/diary/f78f90f4-7e5b-4923-8e0b-eadf4577b9ed","","7月のお礼","","0.28264 s","48","171","14","","",""
"","https://urakare.jp/therapist/1/diary/e0f60397-5ff2-4e90-8d8f-5d8b9e427366","","赤ちゃんと遊ぶ時間","","0.24378 s","49","182","18","","",""
"","https://urakare.jp/therapist/1/diary/1f82bb02-95d2-4098-b050-a6e7ba3a8a0d","","【モデルプレス掲載】","","0.20298 s","51","181","17","","",""
"ミクさん｜お客様インタビュー体験者プロフィール - ウラカレコラム | 東京の女風・女性用風俗なら【東京裏彼氏】","https://urakare.jp/column/interview/miku","同棲解消をきっかけに女性用風俗を利用したミクさん（20代後半・美容関係）。「1人目ハズレ、2人目で人生変わった」初体験から、お花・ランニング・ジム・美容クリニックと自分磨きの連鎖が止まらなくなったリアルなストーリー。","ミクさん","インタビュー記事, ミクさんの変化の軌跡","0.09242 s","14","78","16","","","https://urakare.jp/column/interview/miku"
"セックスが痛い…我慢してない？｜53.6%が経験する原因と対処法 | 東京の女風・女性用風俗なら【東京裏彼氏】","https://urakare.jp/column/body-care/sex-pain-causes-and-self-care","10〜20代女性の53.6%がセックスで痛みを経験。痛みの原因を「入口」と「奥」に分けて科学的に解説し、今夜からできる5つのセルフケアを紹介します。2,000人以上の施術経験を持つセラピストが語る、我慢しない性交痛の対処法。","セックスが痛い…我慢してない？｜53.6%が経験する原因と対処法","セックスが痛いのは「あなただけ」じゃない｜10-20代の53.6%が経験, なぜ痛い？「入口の痛み」と「奥の痛み」の原因を科学で解説, 「痛い→怖い→もっと痛い」悪循環の正体, 今夜からできる5つの対処法, 自分だけでは届かない「体の緊張」がある, 「痛い」をパートナーに伝える3ステップ, こんな時は婦人科へ——受診のハードルを下げる3つのヒント, 我慢でも諦めでもない、「プロのプレジャーケア・セラピスト」という選択肢, よくある質問, 関連記事, よく読まれている記事, 参考文献・出典一覧","0.11576 s","62","614","155","","","https://urakare.jp/column/body-care/sex-pain-causes-and-self-care"
"寂しい夜の過ごし方7選｜夜だけ寂しくなるのは脳のせいだった | 東京の女風・女性用風俗なら【東京裏彼氏】","https://urakare.jp/column/night-care/lonely-night-how-to-spend","夜になると寂しくなるのは脳の自然な反応です。一人暮らしの女性に多い「人肌恋しい」の正体をセロトニン・オキシトシンの科学から解説。寂しい夜を心地よく過ごす7つの方法を、延べ2,000人以上を担当した現役セラピストが紹介します。","寂しい夜の過ごし方7選｜夜だけ寂しくなるのは脳のせいだった","なぜ夜になると寂しくなるのか？——原因は脳のしくみにあった, 「人肌恋しい」の正体とは？——スキンハンガーという生理的欲求, 寂しい夜の過ごし方7選——一人の夜を心地よく変える方法, 「触れられたい」は恥ずかしいことじゃない —— セラピストが伝えたいこと, 寂しい夜に関するよくある質問, 今夜のあなたへ, 関連記事, よく読まれている記事, 参考文献・出典一覧","0.36526 s","52","395","130","","","https://urakare.jp/column/night-care/lonely-night-how-to-spend"
"アヤさん｜旦那の風俗発覚から女性用風俗で離婚を決めた30代後半エステ経営者の体験談プロフィール - ウラカレコラム | 東京の女風・女性用風俗なら【東京裏彼氏】","https://urakare.jp/column/interview/aya","旦那の風俗発覚から離婚を決めた30代後半エステサロン経営者アヤさん（仮名）の体験者プロフィール。マッサージエステ＋アイブロウの計3店舗を経営（業界5年目・離職率0%）。週1ペースで女性用風俗を約60回利用・1年半リピートするリアルな人物像。","アヤさん","アヤさんの言葉, インタビュー記事, アヤさんの軌跡, 女性経営者としての事業観, 愛犬・小麦ちゃん, この記事を読む女性へ","0.13052 s","13","109","12","","","https://urakare.jp/column/interview/aya"
"セルフプレジャーに罪悪感を感じなくていい理由｜2,000人の女性を見てきたセラピストの本音 | 東京の女風・女性用風俗なら【東京裏彼氏】","https://urakare.jp/column/self-pleasure/guilt-free-self-pleasure","セルフプレジャー（マスターベーション）の後に罪悪感や自己嫌悪を感じてしまう女性は少なくありません。約6割の女性が経験しているにもかかわらず、「恥ずかしい」「はしたない」と悩む必要はありません。2,000人以上の女性と向き合ってきた現役セラピストが、罪悪感の正体と自分を大切にする方法をお伝えします。","セルフプレジャーに罪悪感を感じなくていい理由｜2,000人の女性を見てきたセラピストの本音","なぜ罪悪感を感じるのか——「刷り込み」の正体, セルフプレジャーは「自分を大切にすること」, 2,000人以上の女性を見てきたセラピストが伝えたいこと, パートナーがいる方へ——「こんなことしていいの？」, 罪悪感を手放すための3つのステップ, もう少し知りたい方へ——セルフプレジャーの豆知識, よくある質問, 関連記事, よく読まれている記事, 参考文献・出典一覧","0.40380 s","69","662","276","","","https://urakare.jp/column/self-pleasure/guilt-free-self-pleasure"
"女風セラピストに恋した、どうする？｜女性用風俗3年半・85回通った20代女性のガチ恋→友人体験談レポ | 東京の女風・女性用風俗なら【東京裏彼氏】","https://urakare.jp/column/interview/customer-interview-05","2022年9月1日、深夜1時に酔った勢いで予約した1時間後、ヒモとの同棲で68kg太っていた26歳のアンちゃん（仮名・20代女性）は女風セラピスト・ほまれに初めて会いました。あれから3年半・85回通った今、彼女は48kgになり「お互いプロOK」の彼氏と同棲し、ガチ恋した相手と「良き友」になっています。業界6大ファーストの女性用風俗体験談レポです。","女風セラピストに恋した、どうする？｜女性用風俗3年半・85回通った20代女性のガチ恋→友人体験談レポ","物語の根本動機 — ビッグヒモと「68kgまで太ってた」26歳時代, 深夜1時のDMから浅草お泊まりまで — ガチ恋への階段, ガチ恋ピーク期と怯んだ瞬間 — 「ほまれに恋した」2024年12月の分岐点, ⚠ 3年通うのは依存？ — 業界タブー破りの正直な答え, 彼氏ができた日と、3人ご飯のリアル, 友人と、26歳→29歳の8軸の変化, 26歳の自分へ「よくやった！」, 関連記事, よく読まれている記事","0.42693 s","50","677","19","","","https://urakare.jp/column/interview/customer-interview-05"
"外国人の女性用風俗利用が急増中｜現役オーナーが語る、安心して通えるお店づくりの裏側 | 東京の女風・女性用風俗なら【東京裏彼氏】","https://urakare.jp/column/industry/foreign-customers-safety-design","外国人女性の女性用風俗利用が増加中。訪日客増加の背景から、安心して通えるお店づくりの裏側まで、延べ2,000人以上を担当した現役オーナーが現場のリアルを語ります。","外国人の女性用風俗利用が急増中｜現役オーナーが語る、安心して通えるお店づくりの裏側","現場で見えてきた「共通ニーズ」, 外国人女性の利用者が急増している背景, 安全設計：カウンセリングと施術の「見える化」, 性病リスクと対策, 女性が本当に求めているもの, よくある質問（FAQ）, 関連記事, よく読まれている記事, 参考文献・出典一覧","0.09138 s","50","453","85","","","https://urakare.jp/column/industry/foreign-customers-safety-design"
"眠れない夜に試したい入眠テクニック5選｜自律神経を味方にする | 東京の女風・女性用風俗なら【東京裏彼氏】","https://urakare.jp/column/night-care/sleep-technique","日本女性の睡眠時間はOECD33カ国中最下位。月経周期で入眠時間が3倍変わる事実、科学的に効果が確認された入眠テクニック5選、セルフタッチ入眠法を延べ2,000人以上を担当した現役セラピストが解説。","眠れない夜に試したい入眠テクニック5選｜自律神経を味方にする","「日本の女性は世界で一番眠れていない」という現実, 眠れないのは“意志の弱さ”じゃない——自律神経とホルモンの科学, 今夜すぐ試せる入眠テクニック5選, 「触れられること」が最高の入眠剤かもしれない, それでも眠れない夜に——あなたに合った選択肢, 眠れない夜に関するよくある質問, 関連記事, よく読まれている記事, 参考文献・出典一覧","0.45808 s","73","625","72","","","https://urakare.jp/column/night-care/sleep-technique"
"セクシャルウェルネスとは？｜「自分の体を大切にしていい」と思えるようになる5つの習慣 | 東京の女風・女性用風俗なら【東京裏彼氏】","https://urakare.jp/column/industry/sexual-wellness-toha","セクシャルウェルネスとは何か？WHO定義から、自分の体を大切にするための5つの習慣まで。延べ2,000人以上を担当した現役オーナーが科学的根拠とともにわかりやすく解説します。","セクシャルウェルネスとは？｜「自分の体を大切にしていい」と思えるようになる5つの習慣","セクシャルウェルネスとは？ ── 3つの概念の違いをわかりやすく, なぜ今「セクシャルウェルネス」が注目されるのか, 日本のセクシャルウェルネスの現在地 ── 数字が語るリアル, セクシャルウェルネスを高める5つの習慣, 現場から見たセクシャルウェルネスのリアル, プレケア＝プレジャーケア（女性用風俗 / 女風）とセクシャルウェルネス ── 7つの要素から見る, あなたのペースで、あなたが決めていい, よくある質問（FAQ）, 関連記事, よく読まれている記事, 参考文献・出典一覧","0.69021 s","84","883","220","","","https://urakare.jp/column/industry/sexual-wellness-toha"
"女性の性欲は恥ずかしくない｜年代別の変化と付き合い方 | 東京の女風・女性用風俗なら【東京裏彼氏】","https://urakare.jp/column/self-pleasure/female-libido","「性欲が強いのは異常？」「30代で急にムラムラするようになった」——そんな不安を抱える女性へ。2,000人以上の女性と向き合ってきた現役セラピストが、性欲の年代別変化を科学とリアルな現場経験から解説します。あなたの性欲は、何も間違っていません。","女性の性欲は恥ずかしくない｜年代別の変化と付き合い方","“性欲があるのは変じゃない？”—— あなたは一人じゃない, 性欲の正体 —— ホルモンだけじゃない「3つの歯車」, 年代別ガイド —— あなたの性欲は今どこにいる？, 生理周期と性欲 —— ムラムラには科学的理由がある, “自発型”と“応答型”—— 性欲には2つのタイプがある, 性欲との付き合い方 —— 年代別セルフケアロードマップ, 一人で満たせない時の選択肢, ほまれからのメッセージ, よくある質問, 関連記事, よく読まれている記事, 参考文献・出典一覧","0.09744 s","100","891","124","","","https://urakare.jp/column/self-pleasure/female-libido"
"","https://urakare.jp/therapist/4/schedule","","れいのスケジュール・予約","","0.09937 s","33","167","26","","",""
"","https://urakare.jp/therapist/1/schedule","","ほまれのスケジュール・予約","","0.11788 s","34","144","58","","",""
"","https://urakare.jp/therapist/1/diary/bf69ff6f-6834-41f3-85d9-5739429b7d16","","テレビ出演のお知らせ📺✨","","0.36061 s","51","184","11","","",""
"","https://urakare.jp/therapist/5/diary/fd332954-b4f5-4265-b84a-a0d8d42e3ad2","","極秘Instagramはじめました！","","0.42434 s","46","164","18","","",""
"","https://urakare.jp/therapist/5","","はる｜東京裏彼氏 セラピスト, HARU","東京裏彼氏","0.14224 s","32","304","12","","",""
"","https://urakare.jp/therapist/1/diary/2b9d7f4e-ce89-4044-b087-40775a12f829","","全国グランプリ全国１位","","0.17329 s","50","175","4","","",""
"","https://urakare.jp/therapist/1/diary/63490bb3-5a6a-4ea6-a555-5ca4c7838401","","セラピスト2周年","","0.19906 s","50","175","4","","",""
"アンちゃん｜女風セラピストに3年半・85回通った20代女性のガチ恋→友人体験談プロフィール - ウラカレコラム | 東京の女風・女性用風俗なら【東京裏彼氏】","https://urakare.jp/column/interview/an","ヒモとの同棲で68kgまで太ってた26歳のアンちゃん（仮名・20代後半）が、女性用風俗（女風）セラピスト・ほまれくんに3年半・85回通い、48kgまで痩せて彼氏と「お互いプロOK」のオープン関係で同棲。ガチ恋セラピストと「良き友」になった29歳の体験者プロフィール。","アンちゃん","アンちゃんの言葉, アンちゃんが登場する記事, アンちゃんの3年半の軌跡, ロングリピーター視点, アンちゃんの周辺人物, 同じ悩みを持つ女性へのメッセージ","0.09664 s","11","92","9","","","https://urakare.jp/column/interview/an"
"","https://urakare.jp/therapist/1/schedule/reserve?date=&time=0&course=90m","","","","0.13000 s","27","97","1","","",""
"","https://urakare.jp/therapist/4/schedule/reserve?date=&time=0&course=90m","","","","0.12050 s","27","97","1","","",""
"","https://urakare.jp/therapist/5/diary","","","","0.10714 s","22","35","6","","",""
"","https://urakare.jp/therapist/5/schedule","","はるのスケジュール・予約","","0.10607 s","32","159","10","","",""
"","https://urakare.jp/therapist/5/reviews","","はるの口コミ","","0.09229 s","27","54","4","","",""
"","https://urakare.jp/therapist/5/schedule/reserve?date=&time=0&course=90m","","","","0.09949 s","27","97","1","","",""
