"Title","URL","Description","h1 headings","h2 headings","h3 headings","h4 headings","Title length","Description length","Response time","Content","Link count","Word count","Possible duplicates","Internal backlinks","Last modified","Robots","Canonical","Image count","Image weight","Depth","Internal links","External links","Redirects to here"
"口コミ 女風｜東京で初めてでも選ばれているStory東京本店","https://www.story-tokyo.com/review/14/","女風に興味はあるけれど不安もある方へ。 Story東京本店は東京で、距離感と安心感を大切にしている女性用風俗です。 無理に選ばせず、自分のペースで体験できます。","初めてでも安心して選べる、東京の女風 Story東京本店","KUCHIKOMI口コミ, 全国女性用風俗「Story(ストーリー)」","口コミについてABOUT","","30","80","0.11567 s","24kb","71","307","133","7","","","https://www.story-tokyo.com/review/14/","12","580kb","7","76","7","0"
"口コミ 女風｜東京で初めてでも選ばれているStory東京本店","https://www.story-tokyo.com/review/15/","女風に興味はあるけれど不安もある方へ。 Story東京本店は東京で、距離感と安心感を大切にしている女性用風俗です。 無理に選ばせず、自分のペースで体験できます。","初めてでも安心して選べる、東京の女風 Story東京本店","KUCHIKOMI口コミ, 全国女性用風俗「Story(ストーリー)」","口コミについてABOUT","","30","80","0.11996 s","23kb","71","300","133","7","","","https://www.story-tokyo.com/review/15/","12","621kb","7","76","7","0"
"写メ日記 女風｜東京で初めてでも選ばれているStory東京本店","https://www.story-tokyo.com/diary/14/","女風に興味はあるけれど不安もある方へ。 Story東京本店は東京で、距離感と安心感を大切にしている女性用風俗です。 無理に選ばせず、自分のペースで体験できます。","初めてでも安心して選べる、東京の女風 Story東京本店","DIARY写メ日記, 全国女性用風俗「Story(ストーリー)」","投稿セラピストCONTRIBUTORS","","31","80","0.11776 s","30kb","135","321","199","7","","","https://www.story-tokyo.com/diary/14/","72","5137kb","7","200","7","0"
"口コミ 女風｜東京で初めてでも選ばれているStory東京本店","https://www.story-tokyo.com/review/16/","女風に興味はあるけれど不安もある方へ。 Story東京本店は東京で、距離感と安心感を大切にしている女性用風俗です。 無理に選ばせず、自分のペースで体験できます。","初めてでも安心して選べる、東京の女風 Story東京本店","KUCHIKOMI口コミ, 全国女性用風俗「Story(ストーリー)」","口コミについてABOUT","","30","80","0.10897 s","23kb","71","279","133","7","","","https://www.story-tokyo.com/review/16/","12","588kb","8","76","7","0"
"口コミ 女風｜東京で初めてでも選ばれているStory東京本店","https://www.story-tokyo.com/review/17/","女風に興味はあるけれど不安もある方へ。 Story東京本店は東京で、距離感と安心感を大切にしている女性用風俗です。 無理に選ばせず、自分のペースで体験できます。","初めてでも安心して選べる、東京の女風 Story東京本店","KUCHIKOMI口コミ, 全国女性用風俗「Story(ストーリー)」","口コミについてABOUT","","30","80","0.12565 s","22kb","71","364","133","7","","","https://www.story-tokyo.com/review/17/","12","535kb","8","76","7","0"
"写メ日記 女風｜東京で初めてでも選ばれているStory東京本店","https://www.story-tokyo.com/diary/15/","女風に興味はあるけれど不安もある方へ。 Story東京本店は東京で、距離感と安心感を大切にしている女性用風俗です。 無理に選ばせず、自分のペースで体験できます。","初めてでも安心して選べる、東京の女風 Story東京本店","DIARY写メ日記, 全国女性用風俗「Story(ストーリー)」","投稿セラピストCONTRIBUTORS","","31","80","0.13199 s","30kb","135","324","199","7","","","https://www.story-tokyo.com/diary/15/","72","5130kb","7","200","7","0"
"口コミ 女風｜東京で初めてでも選ばれているStory東京本店","https://www.story-tokyo.com/review/18/","女風に興味はあるけれど不安もある方へ。 Story東京本店は東京で、距離感と安心感を大切にしている女性用風俗です。 無理に選ばせず、自分のペースで体験できます。","初めてでも安心して選べる、東京の女風 Story東京本店","KUCHIKOMI口コミ, 全国女性用風俗「Story(ストーリー)」","口コミについてABOUT","","30","80","0.12970 s","21kb","71","277","133","7","","","https://www.story-tokyo.com/review/18/","12","575kb","9","76","7","0"
"写メ日記 女風｜東京で初めてでも選ばれているStory東京本店","https://www.story-tokyo.com/diary/16/","女風に興味はあるけれど不安もある方へ。 Story東京本店は東京で、距離感と安心感を大切にしている女性用風俗です。 無理に選ばせず、自分のペースで体験できます。","初めてでも安心して選べる、東京の女風 Story東京本店","DIARY写メ日記, 全国女性用風俗「Story(ストーリー)」","投稿セラピストCONTRIBUTORS","","31","80","0.11718 s","30kb","135","322","199","7","","","https://www.story-tokyo.com/diary/16/","72","6451kb","8","200","7","0"
"口コミ 女風｜東京で初めてでも選ばれているStory東京本店","https://www.story-tokyo.com/review/19/","女風に興味はあるけれど不安もある方へ。 Story東京本店は東京で、距離感と安心感を大切にしている女性用風俗です。 無理に選ばせず、自分のペースで体験できます。","初めてでも安心して選べる、東京の女風 Story東京本店","KUCHIKOMI口コミ, 全国女性用風俗「Story(ストーリー)」","口コミについてABOUT","","30","80","0.10086 s","25kb","71","536","133","7","","","https://www.story-tokyo.com/review/19/","12","591kb","9","76","7","0"
"写メ日記 女風｜東京で初めてでも選ばれているStory東京本店","https://www.story-tokyo.com/diary/17/","女風に興味はあるけれど不安もある方へ。 Story東京本店は東京で、距離感と安心感を大切にしている女性用風俗です。 無理に選ばせず、自分のペースで体験できます。","初めてでも安心して選べる、東京の女風 Story東京本店","DIARY写メ日記, 全国女性用風俗「Story(ストーリー)」","投稿セラピストCONTRIBUTORS","","31","80","0.11356 s","30kb","135","320","199","7","","","https://www.story-tokyo.com/diary/17/","72","5809kb","8","200","7","0"
"口コミ 女風｜東京で初めてでも選ばれているStory東京本店","https://www.story-tokyo.com/review/20/","女風に興味はあるけれど不安もある方へ。 Story東京本店は東京で、距離感と安心感を大切にしている女性用風俗です。 無理に選ばせず、自分のペースで体験できます。","初めてでも安心して選べる、東京の女風 Story東京本店","KUCHIKOMI口コミ, 全国女性用風俗「Story(ストーリー)」","口コミについてABOUT","","30","80","0.08852 s","23kb","71","313","133","7","","","https://www.story-tokyo.com/review/20/","12","595kb","10","76","7","0"
"写メ日記 女風｜東京で初めてでも選ばれているStory東京本店","https://www.story-tokyo.com/diary/18/","女風に興味はあるけれど不安もある方へ。 Story東京本店は東京で、距離感と安心感を大切にしている女性用風俗です。 無理に選ばせず、自分のペースで体験できます。","初めてでも安心して選べる、東京の女風 Story東京本店","DIARY写メ日記, 全国女性用風俗「Story(ストーリー)」","投稿セラピストCONTRIBUTORS","","31","80","0.11192 s","30kb","135","322","199","7","","","https://www.story-tokyo.com/diary/18/","72","5269kb","9","200","7","0"
"口コミ 女風｜東京で初めてでも選ばれているStory東京本店","https://www.story-tokyo.com/review/21/","女風に興味はあるけれど不安もある方へ。 Story東京本店は東京で、距離感と安心感を大切にしている女性用風俗です。 無理に選ばせず、自分のペースで体験できます。","初めてでも安心して選べる、東京の女風 Story東京本店","KUCHIKOMI口コミ, 全国女性用風俗「Story(ストーリー)」","口コミについてABOUT","","30","80","0.10268 s","26kb","71","298","133","7","","","https://www.story-tokyo.com/review/21/","12","653kb","10","76","7","0"
"写メ日記 女風｜東京で初めてでも選ばれているStory東京本店","https://www.story-tokyo.com/diary/19/","女風に興味はあるけれど不安もある方へ。 Story東京本店は東京で、距離感と安心感を大切にしている女性用風俗です。 無理に選ばせず、自分のペースで体験できます。","初めてでも安心して選べる、東京の女風 Story東京本店","DIARY写メ日記, 全国女性用風俗「Story(ストーリー)」","投稿セラピストCONTRIBUTORS","","31","80","0.10515 s","30kb","135","321","199","7","","","https://www.story-tokyo.com/diary/19/","72","6246kb","9","200","7","0"
"口コミ 女風｜東京で初めてでも選ばれているStory東京本店","https://www.story-tokyo.com/review/22/","女風に興味はあるけれど不安もある方へ。 Story東京本店は東京で、距離感と安心感を大切にしている女性用風俗です。 無理に選ばせず、自分のペースで体験できます。","初めてでも安心して選べる、東京の女風 Story東京本店","KUCHIKOMI口コミ, 全国女性用風俗「Story(ストーリー)」","口コミについてABOUT","","30","80","0.10465 s","23kb","71","303","133","7","","","https://www.story-tokyo.com/review/22/","12","634kb","11","76","7","0"
"写メ日記 女風｜東京で初めてでも選ばれているStory東京本店","https://www.story-tokyo.com/diary/20/","女風に興味はあるけれど不安もある方へ。 Story東京本店は東京で、距離感と安心感を大切にしている女性用風俗です。 無理に選ばせず、自分のペースで体験できます。","初めてでも安心して選べる、東京の女風 Story東京本店","DIARY写メ日記, 全国女性用風俗「Story(ストーリー)」","投稿セラピストCONTRIBUTORS","","31","80","0.13123 s","30kb","135","320","199","7","","","https://www.story-tokyo.com/diary/20/","72","5968kb","10","200","7","0"
"口コミ 女風｜東京で初めてでも選ばれているStory東京本店","https://www.story-tokyo.com/review/23/","女風に興味はあるけれど不安もある方へ。 Story東京本店は東京で、距離感と安心感を大切にしている女性用風俗です。 無理に選ばせず、自分のペースで体験できます。","初めてでも安心して選べる、東京の女風 Story東京本店","KUCHIKOMI口コミ, 全国女性用風俗「Story(ストーリー)」","口コミについてABOUT","","30","80","0.10244 s","23kb","71","287","133","7","","","https://www.story-tokyo.com/review/23/","12","483kb","11","76","7","0"
"写メ日記 女風｜東京で初めてでも選ばれているStory東京本店","https://www.story-tokyo.com/diary/21/","女風に興味はあるけれど不安もある方へ。 Story東京本店は東京で、距離感と安心感を大切にしている女性用風俗です。 無理に選ばせず、自分のペースで体験できます。","初めてでも安心して選べる、東京の女風 Story東京本店","DIARY写メ日記, 全国女性用風俗「Story(ストーリー)」","投稿セラピストCONTRIBUTORS","","31","80","0.12257 s","30kb","135","323","199","7","","","https://www.story-tokyo.com/diary/21/","72","6460kb","10","200","7","0"
"口コミ 女風｜東京で初めてでも選ばれているStory東京本店","https://www.story-tokyo.com/review/24/","女風に興味はあるけれど不安もある方へ。 Story東京本店は東京で、距離感と安心感を大切にしている女性用風俗です。 無理に選ばせず、自分のペースで体験できます。","初めてでも安心して選べる、東京の女風 Story東京本店","KUCHIKOMI口コミ, 全国女性用風俗「Story(ストーリー)」","口コミについてABOUT","","30","80","0.12013 s","26kb","71","325","133","7","","","https://www.story-tokyo.com/review/24/","12","567kb","12","76","7","0"
"写メ日記 女風｜東京で初めてでも選ばれているStory東京本店","https://www.story-tokyo.com/diary/22/","女風に興味はあるけれど不安もある方へ。 Story東京本店は東京で、距離感と安心感を大切にしている女性用風俗です。 無理に選ばせず、自分のペースで体験できます。","初めてでも安心して選べる、東京の女風 Story東京本店","DIARY写メ日記, 全国女性用風俗「Story(ストーリー)」","投稿セラピストCONTRIBUTORS","","31","80","0.13411 s","30kb","135","320","199","7","","","https://www.story-tokyo.com/diary/22/","72","5475kb","11","200","7","0"
"口コミ 女風｜東京で初めてでも選ばれているStory東京本店","https://www.story-tokyo.com/review/25/","女風に興味はあるけれど不安もある方へ。 Story東京本店は東京で、距離感と安心感を大切にしている女性用風俗です。 無理に選ばせず、自分のペースで体験できます。","初めてでも安心して選べる、東京の女風 Story東京本店","KUCHIKOMI口コミ, 全国女性用風俗「Story(ストーリー)」","口コミについてABOUT","","30","80","0.10025 s","24kb","71","308","133","7","","","https://www.story-tokyo.com/review/25/","12","552kb","12","76","7","0"
"写メ日記 女風｜東京で初めてでも選ばれているStory東京本店","https://www.story-tokyo.com/diary/23/","女風に興味はあるけれど不安もある方へ。 Story東京本店は東京で、距離感と安心感を大切にしている女性用風俗です。 無理に選ばせず、自分のペースで体験できます。","初めてでも安心して選べる、東京の女風 Story東京本店","DIARY写メ日記, 全国女性用風俗「Story(ストーリー)」","投稿セラピストCONTRIBUTORS","","31","80","0.14642 s","30kb","135","323","199","7","","","https://www.story-tokyo.com/diary/23/","72","6470kb","11","200","7","0"
"口コミ 女風｜東京で初めてでも選ばれているStory東京本店","https://www.story-tokyo.com/review/26/","女風に興味はあるけれど不安もある方へ。 Story東京本店は東京で、距離感と安心感を大切にしている女性用風俗です。 無理に選ばせず、自分のペースで体験できます。","初めてでも安心して選べる、東京の女風 Story東京本店","KUCHIKOMI口コミ, 全国女性用風俗「Story(ストーリー)」","口コミについてABOUT","","30","80","0.12109 s","21kb","71","280","133","7","","","https://www.story-tokyo.com/review/26/","12","546kb","13","76","7","0"
"口コミ 女風｜東京で初めてでも選ばれているStory東京本店","https://www.story-tokyo.com/review/27/","女風に興味はあるけれど不安もある方へ。 Story東京本店は東京で、距離感と安心感を大切にしている女性用風俗です。 無理に選ばせず、自分のペースで体験できます。","初めてでも安心して選べる、東京の女風 Story東京本店","KUCHIKOMI口コミ, 全国女性用風俗「Story(ストーリー)」","口コミについてABOUT","","30","80","0.10436 s","25kb","71","314","133","7","","","https://www.story-tokyo.com/review/27/","12","594kb","13","76","7","0"
"写メ日記 女風｜東京で初めてでも選ばれているStory東京本店","https://www.story-tokyo.com/diary/24/","女風に興味はあるけれど不安もある方へ。 Story東京本店は東京で、距離感と安心感を大切にしている女性用風俗です。 無理に選ばせず、自分のペースで体験できます。","初めてでも安心して選べる、東京の女風 Story東京本店","DIARY写メ日記, 全国女性用風俗「Story(ストーリー)」","投稿セラピストCONTRIBUTORS","","31","80","0.11340 s","30kb","135","321","199","7","","","https://www.story-tokyo.com/diary/24/","72","6109kb","12","200","7","0"
"口コミ 女風｜東京で初めてでも選ばれているStory東京本店","https://www.story-tokyo.com/review/28/","女風に興味はあるけれど不安もある方へ。 Story東京本店は東京で、距離感と安心感を大切にしている女性用風俗です。 無理に選ばせず、自分のペースで体験できます。","初めてでも安心して選べる、東京の女風 Story東京本店","KUCHIKOMI口コミ, 全国女性用風俗「Story(ストーリー)」","口コミについてABOUT","","30","80","0.13368 s","20kb","71","278","133","7","","","https://www.story-tokyo.com/review/28/","12","562kb","14","76","7","0"
"写メ日記 女風｜東京で初めてでも選ばれているStory東京本店","https://www.story-tokyo.com/diary/25/","女風に興味はあるけれど不安もある方へ。 Story東京本店は東京で、距離感と安心感を大切にしている女性用風俗です。 無理に選ばせず、自分のペースで体験できます。","初めてでも安心して選べる、東京の女風 Story東京本店","DIARY写メ日記, 全国女性用風俗「Story(ストーリー)」","投稿セラピストCONTRIBUTORS","","31","80","0.13243 s","30kb","135","322","199","7","","","https://www.story-tokyo.com/diary/25/","72","6964kb","12","200","7","0"
"口コミ 女風｜東京で初めてでも選ばれているStory東京本店","https://www.story-tokyo.com/review/29/","女風に興味はあるけれど不安もある方へ。 Story東京本店は東京で、距離感と安心感を大切にしている女性用風俗です。 無理に選ばせず、自分のペースで体験できます。","初めてでも安心して選べる、東京の女風 Story東京本店","KUCHIKOMI口コミ, 全国女性用風俗「Story(ストーリー)」","口コミについてABOUT","","30","80","0.10037 s","23kb","71","287","133","7","","","https://www.story-tokyo.com/review/29/","12","615kb","14","76","7","0"
"写メ日記 女風｜東京で初めてでも選ばれているStory東京本店","https://www.story-tokyo.com/diary/26/","女風に興味はあるけれど不安もある方へ。 Story東京本店は東京で、距離感と安心感を大切にしている女性用風俗です。 無理に選ばせず、自分のペースで体験できます。","初めてでも安心して選べる、東京の女風 Story東京本店","DIARY写メ日記, 全国女性用風俗「Story(ストーリー)」","投稿セラピストCONTRIBUTORS","","31","80","0.12250 s","30kb","135","323","199","7","","","https://www.story-tokyo.com/diary/26/","72","6485kb","13","200","7","0"
"口コミ 女風｜東京で初めてでも選ばれているStory東京本店","https://www.story-tokyo.com/review/30/","女風に興味はあるけれど不安もある方へ。 Story東京本店は東京で、距離感と安心感を大切にしている女性用風俗です。 無理に選ばせず、自分のペースで体験できます。","初めてでも安心して選べる、東京の女風 Story東京本店","KUCHIKOMI口コミ, 全国女性用風俗「Story(ストーリー)」","口コミについてABOUT","","30","80","0.09533 s","26kb","71","320","133","7","","","https://www.story-tokyo.com/review/30/","12","615kb","15","76","7","0"
"写メ日記 女風｜東京で初めてでも選ばれているStory東京本店","https://www.story-tokyo.com/diary/27/","女風に興味はあるけれど不安もある方へ。 Story東京本店は東京で、距離感と安心感を大切にしている女性用風俗です。 無理に選ばせず、自分のペースで体験できます。","初めてでも安心して選べる、東京の女風 Story東京本店","DIARY写メ日記, 全国女性用風俗「Story(ストーリー)」","投稿セラピストCONTRIBUTORS","","31","80","0.11471 s","30kb","135","322","199","7","","","https://www.story-tokyo.com/diary/27/","72","7513kb","13","200","7","0"
"口コミ 女風｜東京で初めてでも選ばれているStory東京本店","https://www.story-tokyo.com/review/31/","女風に興味はあるけれど不安もある方へ。 Story東京本店は東京で、距離感と安心感を大切にしている女性用風俗です。 無理に選ばせず、自分のペースで体験できます。","初めてでも安心して選べる、東京の女風 Story東京本店","KUCHIKOMI口コミ, 全国女性用風俗「Story(ストーリー)」","口コミについてABOUT","","30","80","0.09166 s","22kb","71","290","133","7","","","https://www.story-tokyo.com/review/31/","12","577kb","15","76","7","0"
"写メ日記 女風｜東京で初めてでも選ばれているStory東京本店","https://www.story-tokyo.com/diary/28/","女風に興味はあるけれど不安もある方へ。 Story東京本店は東京で、距離感と安心感を大切にしている女性用風俗です。 無理に選ばせず、自分のペースで体験できます。","初めてでも安心して選べる、東京の女風 Story東京本店","DIARY写メ日記, 全国女性用風俗「Story(ストーリー)」","投稿セラピストCONTRIBUTORS","","31","80","0.10289 s","30kb","135","320","199","7","","","https://www.story-tokyo.com/diary/28/","72","5224kb","14","200","7","0"
"口コミ 女風｜東京で初めてでも選ばれているStory東京本店","https://www.story-tokyo.com/review/32/","女風に興味はあるけれど不安もある方へ。 Story東京本店は東京で、距離感と安心感を大切にしている女性用風俗です。 無理に選ばせず、自分のペースで体験できます。","初めてでも安心して選べる、東京の女風 Story東京本店","KUCHIKOMI口コミ, 全国女性用風俗「Story(ストーリー)」","口コミについてABOUT","","30","80","0.12820 s","21kb","71","268","133","7","","","https://www.story-tokyo.com/review/32/","12","544kb","16","76","7","0"
"口コミ 女風｜東京で初めてでも選ばれているStory東京本店","https://www.story-tokyo.com/review/33/","女風に興味はあるけれど不安もある方へ。 Story東京本店は東京で、距離感と安心感を大切にしている女性用風俗です。 無理に選ばせず、自分のペースで体験できます。","初めてでも安心して選べる、東京の女風 Story東京本店","KUCHIKOMI口コミ, 全国女性用風俗「Story(ストーリー)」","口コミについてABOUT","","30","80","0.15027 s","22kb","71","296","133","7","","","https://www.story-tokyo.com/review/33/","12","553kb","16","76","7","0"
"写メ日記 女風｜東京で初めてでも選ばれているStory東京本店","https://www.story-tokyo.com/diary/29/","女風に興味はあるけれど不安もある方へ。 Story東京本店は東京で、距離感と安心感を大切にしている女性用風俗です。 無理に選ばせず、自分のペースで体験できます。","初めてでも安心して選べる、東京の女風 Story東京本店","DIARY写メ日記, 全国女性用風俗「Story(ストーリー)」","投稿セラピストCONTRIBUTORS","","31","80","0.14473 s","30kb","135","320","199","7","","","https://www.story-tokyo.com/diary/29/","72","6007kb","14","200","7","0"
"写メ日記 女風｜東京で初めてでも選ばれているStory東京本店","https://www.story-tokyo.com/diary/30/","女風に興味はあるけれど不安もある方へ。 Story東京本店は東京で、距離感と安心感を大切にしている女性用風俗です。 無理に選ばせず、自分のペースで体験できます。","初めてでも安心して選べる、東京の女風 Story東京本店","DIARY写メ日記, 全国女性用風俗「Story(ストーリー)」","投稿セラピストCONTRIBUTORS","","31","80","0.14446 s","30kb","135","320","199","7","","","https://www.story-tokyo.com/diary/30/","72","5572kb","15","200","7","0"
"口コミ 女風｜東京で初めてでも選ばれているStory東京本店","https://www.story-tokyo.com/review/34/","女風に興味はあるけれど不安もある方へ。 Story東京本店は東京で、距離感と安心感を大切にしている女性用風俗です。 無理に選ばせず、自分のペースで体験できます。","初めてでも安心して選べる、東京の女風 Story東京本店","KUCHIKOMI口コミ, 全国女性用風俗「Story(ストーリー)」","口コミについてABOUT","","30","80","0.12385 s","22kb","71","285","133","7","","","https://www.story-tokyo.com/review/34/","12","562kb","17","76","7","0"
"口コミ 女風｜東京で初めてでも選ばれているStory東京本店","https://www.story-tokyo.com/review/35/","女風に興味はあるけれど不安もある方へ。 Story東京本店は東京で、距離感と安心感を大切にしている女性用風俗です。 無理に選ばせず、自分のペースで体験できます。","初めてでも安心して選べる、東京の女風 Story東京本店","KUCHIKOMI口コミ, 全国女性用風俗「Story(ストーリー)」","口コミについてABOUT","","30","80","0.13027 s","25kb","71","296","133","7","","","https://www.story-tokyo.com/review/35/","12","547kb","17","76","7","0"
"写メ日記 女風｜東京で初めてでも選ばれているStory東京本店","https://www.story-tokyo.com/diary/31/","女風に興味はあるけれど不安もある方へ。 Story東京本店は東京で、距離感と安心感を大切にしている女性用風俗です。 無理に選ばせず、自分のペースで体験できます。","初めてでも安心して選べる、東京の女風 Story東京本店","DIARY写メ日記, 全国女性用風俗「Story(ストーリー)」","投稿セラピストCONTRIBUTORS","","31","80","0.11497 s","30kb","135","321","199","7","","","https://www.story-tokyo.com/diary/31/","72","6285kb","15","200","7","0"
"写メ日記 女風｜東京で初めてでも選ばれているStory東京本店","https://www.story-tokyo.com/diary/32/","女風に興味はあるけれど不安もある方へ。 Story東京本店は東京で、距離感と安心感を大切にしている女性用風俗です。 無理に選ばせず、自分のペースで体験できます。","初めてでも安心して選べる、東京の女風 Story東京本店","DIARY写メ日記, 全国女性用風俗「Story(ストーリー)」","投稿セラピストCONTRIBUTORS","","31","80","0.09423 s","30kb","135","321","199","7","","","https://www.story-tokyo.com/diary/32/","72","7339kb","16","200","7","0"
"口コミ 女風｜東京で初めてでも選ばれているStory東京本店","https://www.story-tokyo.com/review/36/","女風に興味はあるけれど不安もある方へ。 Story東京本店は東京で、距離感と安心感を大切にしている女性用風俗です。 無理に選ばせず、自分のペースで体験できます。","初めてでも安心して選べる、東京の女風 Story東京本店","KUCHIKOMI口コミ, 全国女性用風俗「Story(ストーリー)」","口コミについてABOUT","","30","80","0.11800 s","24kb","71","298","133","7","","","https://www.story-tokyo.com/review/36/","12","608kb","18","76","7","0"
"口コミ 女風｜東京で初めてでも選ばれているStory東京本店","https://www.story-tokyo.com/review/37/","女風に興味はあるけれど不安もある方へ。 Story東京本店は東京で、距離感と安心感を大切にしている女性用風俗です。 無理に選ばせず、自分のペースで体験できます。","初めてでも安心して選べる、東京の女風 Story東京本店","KUCHIKOMI口コミ, 全国女性用風俗「Story(ストーリー)」","口コミについてABOUT","","30","80","0.14478 s","26kb","71","320","133","7","","","https://www.story-tokyo.com/review/37/","12","541kb","18","76","7","0"
"写メ日記 女風｜東京で初めてでも選ばれているStory東京本店","https://www.story-tokyo.com/diary/33/","女風に興味はあるけれど不安もある方へ。 Story東京本店は東京で、距離感と安心感を大切にしている女性用風俗です。 無理に選ばせず、自分のペースで体験できます。","初めてでも安心して選べる、東京の女風 Story東京本店","DIARY写メ日記, 全国女性用風俗「Story(ストーリー)」","投稿セラピストCONTRIBUTORS","","31","80","0.09228 s","30kb","135","320","199","7","","","https://www.story-tokyo.com/diary/33/","72","6309kb","16","200","7","0"
"口コミ 女風｜東京で初めてでも選ばれているStory東京本店","https://www.story-tokyo.com/review/38/","女風に興味はあるけれど不安もある方へ。 Story東京本店は東京で、距離感と安心感を大切にしている女性用風俗です。 無理に選ばせず、自分のペースで体験できます。","初めてでも安心して選べる、東京の女風 Story東京本店","KUCHIKOMI口コミ, 全国女性用風俗「Story(ストーリー)」","口コミについてABOUT","","30","80","0.11666 s","22kb","71","274","133","7","","","https://www.story-tokyo.com/review/38/","12","1244kb","19","76","7","0"
"写メ日記 女風｜東京で初めてでも選ばれているStory東京本店","https://www.story-tokyo.com/diary/34/","女風に興味はあるけれど不安もある方へ。 Story東京本店は東京で、距離感と安心感を大切にしている女性用風俗です。 無理に選ばせず、自分のペースで体験できます。","初めてでも安心して選べる、東京の女風 Story東京本店","DIARY写メ日記, 全国女性用風俗「Story(ストーリー)」","投稿セラピストCONTRIBUTORS","","31","80","0.14394 s","30kb","135","320","199","7","","","https://www.story-tokyo.com/diary/34/","72","5963kb","17","200","7","0"
"口コミ 女風｜東京で初めてでも選ばれているStory東京本店","https://www.story-tokyo.com/review/39/","女風に興味はあるけれど不安もある方へ。 Story東京本店は東京で、距離感と安心感を大切にしている女性用風俗です。 無理に選ばせず、自分のペースで体験できます。","初めてでも安心して選べる、東京の女風 Story東京本店","KUCHIKOMI口コミ, 全国女性用風俗「Story(ストーリー)」","口コミについてABOUT","","30","80","0.11290 s","21kb","71","294","133","7","","","https://www.story-tokyo.com/review/39/","12","461kb","19","76","7","0"
"写メ日記 女風｜東京で初めてでも選ばれているStory東京本店","https://www.story-tokyo.com/diary/35/","女風に興味はあるけれど不安もある方へ。 Story東京本店は東京で、距離感と安心感を大切にしている女性用風俗です。 無理に選ばせず、自分のペースで体験できます。","初めてでも安心して選べる、東京の女風 Story東京本店","DIARY写メ日記, 全国女性用風俗「Story(ストーリー)」","投稿セラピストCONTRIBUTORS","","31","80","0.12533 s","30kb","135","320","199","7","","","https://www.story-tokyo.com/diary/35/","72","6488kb","17","200","7","0"
"口コミ 女風｜東京で初めてでも選ばれているStory東京本店","https://www.story-tokyo.com/review/40/","女風に興味はあるけれど不安もある方へ。 Story東京本店は東京で、距離感と安心感を大切にしている女性用風俗です。 無理に選ばせず、自分のペースで体験できます。","初めてでも安心して選べる、東京の女風 Story東京本店","KUCHIKOMI口コミ, 全国女性用風俗「Story(ストーリー)」","口コミについてABOUT","","30","80","0.10642 s","26kb","71","298","133","7","","","https://www.story-tokyo.com/review/40/","12","608kb","20","76","7","0"
"写メ日記 女風｜東京で初めてでも選ばれているStory東京本店","https://www.story-tokyo.com/diary/36/","女風に興味はあるけれど不安もある方へ。 Story東京本店は東京で、距離感と安心感を大切にしている女性用風俗です。 無理に選ばせず、自分のペースで体験できます。","初めてでも安心して選べる、東京の女風 Story東京本店","DIARY写メ日記, 全国女性用風俗「Story(ストーリー)」","投稿セラピストCONTRIBUTORS","","31","80","0.14902 s","30kb","135","321","199","7","","","https://www.story-tokyo.com/diary/36/","72","6731kb","18","200","7","0"
"口コミ 女風｜東京で初めてでも選ばれているStory東京本店","https://www.story-tokyo.com/review/41/","女風に興味はあるけれど不安もある方へ。 Story東京本店は東京で、距離感と安心感を大切にしている女性用風俗です。 無理に選ばせず、自分のペースで体験できます。","初めてでも安心して選べる、東京の女風 Story東京本店","KUCHIKOMI口コミ, 全国女性用風俗「Story(ストーリー)」","口コミについてABOUT","","30","80","0.09099 s","23kb","71","279","133","7","","","https://www.story-tokyo.com/review/41/","12","574kb","20","76","7","0"
"口コミ 女風｜東京で初めてでも選ばれているStory東京本店","https://www.story-tokyo.com/review/42/","女風に興味はあるけれど不安もある方へ。 Story東京本店は東京で、距離感と安心感を大切にしている女性用風俗です。 無理に選ばせず、自分のペースで体験できます。","初めてでも安心して選べる、東京の女風 Story東京本店","KUCHIKOMI口コミ, 全国女性用風俗「Story(ストーリー)」","口コミについてABOUT","","30","80","0.10231 s","22kb","71","293","133","7","","","https://www.story-tokyo.com/review/42/","12","549kb","21","76","7","0"
"写メ日記 女風｜東京で初めてでも選ばれているStory東京本店","https://www.story-tokyo.com/diary/37/","女風に興味はあるけれど不安もある方へ。 Story東京本店は東京で、距離感と安心感を大切にしている女性用風俗です。 無理に選ばせず、自分のペースで体験できます。","初めてでも安心して選べる、東京の女風 Story東京本店","DIARY写メ日記, 全国女性用風俗「Story(ストーリー)」","投稿セラピストCONTRIBUTORS","","31","80","0.09731 s","30kb","135","322","199","7","","","https://www.story-tokyo.com/diary/37/","72","5452kb","18","200","7","0"
"口コミ 女風｜東京で初めてでも選ばれているStory東京本店","https://www.story-tokyo.com/review/43/","女風に興味はあるけれど不安もある方へ。 Story東京本店は東京で、距離感と安心感を大切にしている女性用風俗です。 無理に選ばせず、自分のペースで体験できます。","初めてでも安心して選べる、東京の女風 Story東京本店","KUCHIKOMI口コミ, 全国女性用風俗「Story(ストーリー)」","口コミについてABOUT","","30","80","0.10253 s","23kb","71","296","133","7","","","https://www.story-tokyo.com/review/43/","12","476kb","21","76","7","0"
"写メ日記 女風｜東京で初めてでも選ばれているStory東京本店","https://www.story-tokyo.com/diary/38/","女風に興味はあるけれど不安もある方へ。 Story東京本店は東京で、距離感と安心感を大切にしている女性用風俗です。 無理に選ばせず、自分のペースで体験できます。","初めてでも安心して選べる、東京の女風 Story東京本店","DIARY写メ日記, 全国女性用風俗「Story(ストーリー)」","投稿セラピストCONTRIBUTORS","","31","80","0.10854 s","30kb","135","320","199","7","","","https://www.story-tokyo.com/diary/38/","72","6480kb","19","200","7","0"
"口コミ 女風｜東京で初めてでも選ばれているStory東京本店","https://www.story-tokyo.com/review/44/","女風に興味はあるけれど不安もある方へ。 Story東京本店は東京で、距離感と安心感を大切にしている女性用風俗です。 無理に選ばせず、自分のペースで体験できます。","初めてでも安心して選べる、東京の女風 Story東京本店","KUCHIKOMI口コミ, 全国女性用風俗「Story(ストーリー)」","口コミについてABOUT","","30","80","0.10162 s","22kb","71","286","133","7","","","https://www.story-tokyo.com/review/44/","12","548kb","22","76","7","0"
"写メ日記 女風｜東京で初めてでも選ばれているStory東京本店","https://www.story-tokyo.com/diary/39/","女風に興味はあるけれど不安もある方へ。 Story東京本店は東京で、距離感と安心感を大切にしている女性用風俗です。 無理に選ばせず、自分のペースで体験できます。","初めてでも安心して選べる、東京の女風 Story東京本店","DIARY写メ日記, 全国女性用風俗「Story(ストーリー)」","投稿セラピストCONTRIBUTORS","","31","80","0.13612 s","30kb","135","322","199","7","","","https://www.story-tokyo.com/diary/39/","72","6331kb","19","200","7","0"
"口コミ 女風｜東京で初めてでも選ばれているStory東京本店","https://www.story-tokyo.com/review/45/","女風に興味はあるけれど不安もある方へ。 Story東京本店は東京で、距離感と安心感を大切にしている女性用風俗です。 無理に選ばせず、自分のペースで体験できます。","初めてでも安心して選べる、東京の女風 Story東京本店","KUCHIKOMI口コミ, 全国女性用風俗「Story(ストーリー)」","口コミについてABOUT","","30","80","0.09983 s","22kb","71","292","133","7","","","https://www.story-tokyo.com/review/45/","12","548kb","22","76","7","0"
"口コミ 女風｜東京で初めてでも選ばれているStory東京本店","https://www.story-tokyo.com/review/46/","女風に興味はあるけれど不安もある方へ。 Story東京本店は東京で、距離感と安心感を大切にしている女性用風俗です。 無理に選ばせず、自分のペースで体験できます。","初めてでも安心して選べる、東京の女風 Story東京本店","KUCHIKOMI口コミ, 全国女性用風俗「Story(ストーリー)」","口コミについてABOUT","","30","80","0.10645 s","23kb","71","286","133","7","","","https://www.story-tokyo.com/review/46/","12","547kb","23","76","7","0"
"写メ日記 女風｜東京で初めてでも選ばれているStory東京本店","https://www.story-tokyo.com/diary/40/","女風に興味はあるけれど不安もある方へ。 Story東京本店は東京で、距離感と安心感を大切にしている女性用風俗です。 無理に選ばせず、自分のペースで体験できます。","初めてでも安心して選べる、東京の女風 Story東京本店","DIARY写メ日記, 全国女性用風俗「Story(ストーリー)」","投稿セラピストCONTRIBUTORS","","31","80","0.14512 s","30kb","135","320","199","7","","","https://www.story-tokyo.com/diary/40/","72","6267kb","20","200","7","0"
"写メ日記 女風｜東京で初めてでも選ばれているStory東京本店","https://www.story-tokyo.com/diary/41/","女風に興味はあるけれど不安もある方へ。 Story東京本店は東京で、距離感と安心感を大切にしている女性用風俗です。 無理に選ばせず、自分のペースで体験できます。","初めてでも安心して選べる、東京の女風 Story東京本店","DIARY写メ日記, 全国女性用風俗「Story(ストーリー)」","投稿セラピストCONTRIBUTORS","","31","80","0.13128 s","30kb","135","322","199","7","","","https://www.story-tokyo.com/diary/41/","72","7445kb","20","200","7","0"
"口コミ 女風｜東京で初めてでも選ばれているStory東京本店","https://www.story-tokyo.com/review/47/","女風に興味はあるけれど不安もある方へ。 Story東京本店は東京で、距離感と安心感を大切にしている女性用風俗です。 無理に選ばせず、自分のペースで体験できます。","初めてでも安心して選べる、東京の女風 Story東京本店","KUCHIKOMI口コミ, 全国女性用風俗「Story(ストーリー)」","口コミについてABOUT","","30","80","0.11552 s","22kb","71","285","133","7","","","https://www.story-tokyo.com/review/47/","12","607kb","23","76","7","0"
"口コミ 女風｜東京で初めてでも選ばれているStory東京本店","https://www.story-tokyo.com/review/48/","女風に興味はあるけれど不安もある方へ。 Story東京本店は東京で、距離感と安心感を大切にしている女性用風俗です。 無理に選ばせず、自分のペースで体験できます。","初めてでも安心して選べる、東京の女風 Story東京本店","KUCHIKOMI口コミ, 全国女性用風俗「Story(ストーリー)」","口コミについてABOUT","","30","80","0.08998 s","22kb","71","268","133","7","","","https://www.story-tokyo.com/review/48/","12","538kb","24","76","7","0"
"写メ日記 女風｜東京で初めてでも選ばれているStory東京本店","https://www.story-tokyo.com/diary/42/","女風に興味はあるけれど不安もある方へ。 Story東京本店は東京で、距離感と安心感を大切にしている女性用風俗です。 無理に選ばせず、自分のペースで体験できます。","初めてでも安心して選べる、東京の女風 Story東京本店","DIARY写メ日記, 全国女性用風俗「Story(ストーリー)」","投稿セラピストCONTRIBUTORS","","31","80","0.09532 s","30kb","135","320","199","7","","","https://www.story-tokyo.com/diary/42/","72","6200kb","21","200","7","0"
"写メ日記 女風｜東京で初めてでも選ばれているStory東京本店","https://www.story-tokyo.com/diary/43/","女風に興味はあるけれど不安もある方へ。 Story東京本店は東京で、距離感と安心感を大切にしている女性用風俗です。 無理に選ばせず、自分のペースで体験できます。","初めてでも安心して選べる、東京の女風 Story東京本店","DIARY写メ日記, 全国女性用風俗「Story(ストーリー)」","投稿セラピストCONTRIBUTORS","","31","80","0.11519 s","30kb","135","322","199","7","","","https://www.story-tokyo.com/diary/43/","72","5862kb","21","200","7","0"
"口コミ 女風｜東京で初めてでも選ばれているStory東京本店","https://www.story-tokyo.com/review/49/","女風に興味はあるけれど不安もある方へ。 Story東京本店は東京で、距離感と安心感を大切にしている女性用風俗です。 無理に選ばせず、自分のペースで体験できます。","初めてでも安心して選べる、東京の女風 Story東京本店","KUCHIKOMI口コミ, 全国女性用風俗「Story(ストーリー)」","口コミについてABOUT","","30","80","0.14223 s","20kb","71","268","133","7","","","https://www.story-tokyo.com/review/49/","12","593kb","24","76","7","0"
"口コミ 女風｜東京で初めてでも選ばれているStory東京本店","https://www.story-tokyo.com/review/50/","女風に興味はあるけれど不安もある方へ。 Story東京本店は東京で、距離感と安心感を大切にしている女性用風俗です。 無理に選ばせず、自分のペースで体験できます。","初めてでも安心して選べる、東京の女風 Story東京本店","KUCHIKOMI口コミ, 全国女性用風俗「Story(ストーリー)」","口コミについてABOUT","","30","80","0.15043 s","25kb","71","304","133","7","","","https://www.story-tokyo.com/review/50/","12","1224kb","25","76","7","0"
"写メ日記 女風｜東京で初めてでも選ばれているStory東京本店","https://www.story-tokyo.com/diary/44/","女風に興味はあるけれど不安もある方へ。 Story東京本店は東京で、距離感と安心感を大切にしている女性用風俗です。 無理に選ばせず、自分のペースで体験できます。","初めてでも安心して選べる、東京の女風 Story東京本店","DIARY写メ日記, 全国女性用風俗「Story(ストーリー)」","投稿セラピストCONTRIBUTORS","","31","80","0.10843 s","30kb","135","320","199","7","","","https://www.story-tokyo.com/diary/44/","72","6706kb","22","200","7","0"
"写メ日記 女風｜東京で初めてでも選ばれているStory東京本店","https://www.story-tokyo.com/diary/45/","女風に興味はあるけれど不安もある方へ。 Story東京本店は東京で、距離感と安心感を大切にしている女性用風俗です。 無理に選ばせず、自分のペースで体験できます。","初めてでも安心して選べる、東京の女風 Story東京本店","DIARY写メ日記, 全国女性用風俗「Story(ストーリー)」","投稿セラピストCONTRIBUTORS","","31","80","0.13563 s","30kb","135","321","199","7","","","https://www.story-tokyo.com/diary/45/","72","5879kb","22","200","7","0"
"口コミ 女風｜東京で初めてでも選ばれているStory東京本店","https://www.story-tokyo.com/review/51/","女風に興味はあるけれど不安もある方へ。 Story東京本店は東京で、距離感と安心感を大切にしている女性用風俗です。 無理に選ばせず、自分のペースで体験できます。","初めてでも安心して選べる、東京の女風 Story東京本店","KUCHIKOMI口コミ, 全国女性用風俗「Story(ストーリー)」","口コミについてABOUT","","30","80","0.09707 s","22kb","71","296","133","7","","","https://www.story-tokyo.com/review/51/","12","602kb","25","76","7","0"
"口コミ 女風｜東京で初めてでも選ばれているStory東京本店","https://www.story-tokyo.com/review/52/","女風に興味はあるけれど不安もある方へ。 Story東京本店は東京で、距離感と安心感を大切にしている女性用風俗です。 無理に選ばせず、自分のペースで体験できます。","初めてでも安心して選べる、東京の女風 Story東京本店","KUCHIKOMI口コミ, 全国女性用風俗「Story(ストーリー)」","口コミについてABOUT","","30","80","0.11578 s","22kb","71","292","133","7","","","https://www.story-tokyo.com/review/52/","12","512kb","26","76","7","0"
"写メ日記 女風｜東京で初めてでも選ばれているStory東京本店","https://www.story-tokyo.com/diary/46/","女風に興味はあるけれど不安もある方へ。 Story東京本店は東京で、距離感と安心感を大切にしている女性用風俗です。 無理に選ばせず、自分のペースで体験できます。","初めてでも安心して選べる、東京の女風 Story東京本店","DIARY写メ日記, 全国女性用風俗「Story(ストーリー)」","投稿セラピストCONTRIBUTORS","","31","80","0.21666 s","30kb","135","321","199","7","","","https://www.story-tokyo.com/diary/46/","72","5090kb","23","200","7","0"
"写メ日記 女風｜東京で初めてでも選ばれているStory東京本店","https://www.story-tokyo.com/diary/47/","女風に興味はあるけれど不安もある方へ。 Story東京本店は東京で、距離感と安心感を大切にしている女性用風俗です。 無理に選ばせず、自分のペースで体験できます。","初めてでも安心して選べる、東京の女風 Story東京本店","DIARY写メ日記, 全国女性用風俗「Story(ストーリー)」","投稿セラピストCONTRIBUTORS","","31","80","0.09288 s","30kb","135","320","199","7","","","https://www.story-tokyo.com/diary/47/","72","5967kb","23","200","7","0"
"口コミ 女風｜東京で初めてでも選ばれているStory東京本店","https://www.story-tokyo.com/review/54/","女風に興味はあるけれど不安もある方へ。 Story東京本店は東京で、距離感と安心感を大切にしている女性用風俗です。 無理に選ばせず、自分のペースで体験できます。","初めてでも安心して選べる、東京の女風 Story東京本店","KUCHIKOMI口コミ, 全国女性用風俗「Story(ストーリー)」","口コミについてABOUT","","30","80","0.10316 s","23kb","71","286","133","7","","","https://www.story-tokyo.com/review/54/","12","552kb","27","76","7","0"
"口コミ 女風｜東京で初めてでも選ばれているStory東京本店","https://www.story-tokyo.com/review/53/","女風に興味はあるけれど不安もある方へ。 Story東京本店は東京で、距離感と安心感を大切にしている女性用風俗です。 無理に選ばせず、自分のペースで体験できます。","初めてでも安心して選べる、東京の女風 Story東京本店","KUCHIKOMI口コミ, 全国女性用風俗「Story(ストーリー)」","口コミについてABOUT","","30","80","0.10868 s","21kb","71","292","133","7","","","https://www.story-tokyo.com/review/53/","12","550kb","26","76","7","0"
"写メ日記 女風｜東京で初めてでも選ばれているStory東京本店","https://www.story-tokyo.com/diary/48/","女風に興味はあるけれど不安もある方へ。 Story東京本店は東京で、距離感と安心感を大切にしている女性用風俗です。 無理に選ばせず、自分のペースで体験できます。","初めてでも安心して選べる、東京の女風 Story東京本店","DIARY写メ日記, 全国女性用風俗「Story(ストーリー)」","投稿セラピストCONTRIBUTORS","","31","80","0.12317 s","30kb","135","320","199","7","","","https://www.story-tokyo.com/diary/48/","72","5085kb","24","200","7","0"
"写メ日記 女風｜東京で初めてでも選ばれているStory東京本店","https://www.story-tokyo.com/diary/49/","女風に興味はあるけれど不安もある方へ。 Story東京本店は東京で、距離感と安心感を大切にしている女性用風俗です。 無理に選ばせず、自分のペースで体験できます。","初めてでも安心して選べる、東京の女風 Story東京本店","DIARY写メ日記, 全国女性用風俗「Story(ストーリー)」","投稿セラピストCONTRIBUTORS","","31","80","0.12703 s","30kb","135","320","199","7","","","https://www.story-tokyo.com/diary/49/","72","5547kb","24","200","7","0"
"口コミ 女風｜東京で初めてでも選ばれているStory東京本店","https://www.story-tokyo.com/review/55/","女風に興味はあるけれど不安もある方へ。 Story東京本店は東京で、距離感と安心感を大切にしている女性用風俗です。 無理に選ばせず、自分のペースで体験できます。","初めてでも安心して選べる、東京の女風 Story東京本店","KUCHIKOMI口コミ, 全国女性用風俗「Story(ストーリー)」","口コミについてABOUT","","30","80","0.11378 s","24kb","71","301","133","7","","","https://www.story-tokyo.com/review/55/","12","1278kb","28","76","7","0"
"口コミ 女風｜東京で初めてでも選ばれているStory東京本店","https://www.story-tokyo.com/review/56/","女風に興味はあるけれど不安もある方へ。 Story東京本店は東京で、距離感と安心感を大切にしている女性用風俗です。 無理に選ばせず、自分のペースで体験できます。","初めてでも安心して選べる、東京の女風 Story東京本店","KUCHIKOMI口コミ, 全国女性用風俗「Story(ストーリー)」","口コミについてABOUT","","30","80","0.14437 s","22kb","71","287","133","7","","","https://www.story-tokyo.com/review/56/","12","555kb","28","76","7","0"
"写メ日記 女風｜東京で初めてでも選ばれているStory東京本店","https://www.story-tokyo.com/diary/50/","女風に興味はあるけれど不安もある方へ。 Story東京本店は東京で、距離感と安心感を大切にしている女性用風俗です。 無理に選ばせず、自分のペースで体験できます。","初めてでも安心して選べる、東京の女風 Story東京本店","DIARY写メ日記, 全国女性用風俗「Story(ストーリー)」","投稿セラピストCONTRIBUTORS","","31","80","0.83366 s","30kb","135","321","199","7","","","https://www.story-tokyo.com/diary/50/","72","6042kb","25","200","7","0"
"口コミ 女風｜東京で初めてでも選ばれているStory東京本店","https://www.story-tokyo.com/review/57/","女風に興味はあるけれど不安もある方へ。 Story東京本店は東京で、距離感と安心感を大切にしている女性用風俗です。 無理に選ばせず、自分のペースで体験できます。","初めてでも安心して選べる、東京の女風 Story東京本店","KUCHIKOMI口コミ, 全国女性用風俗「Story(ストーリー)」","口コミについてABOUT","","30","80","0.12424 s","24kb","71","316","133","7","","","https://www.story-tokyo.com/review/57/","12","521kb","29","76","7","0"
"写メ日記 女風｜東京で初めてでも選ばれているStory東京本店","https://www.story-tokyo.com/diary/51/","女風に興味はあるけれど不安もある方へ。 Story東京本店は東京で、距離感と安心感を大切にしている女性用風俗です。 無理に選ばせず、自分のペースで体験できます。","初めてでも安心して選べる、東京の女風 Story東京本店","DIARY写メ日記, 全国女性用風俗「Story(ストーリー)」","投稿セラピストCONTRIBUTORS","","31","80","0.17866 s","30kb","135","320","199","7","","","https://www.story-tokyo.com/diary/51/","72","5811kb","25","200","7","0"
"口コミ 女風｜東京で初めてでも選ばれているStory東京本店","https://www.story-tokyo.com/review/58/","女風に興味はあるけれど不安もある方へ。 Story東京本店は東京で、距離感と安心感を大切にしている女性用風俗です。 無理に選ばせず、自分のペースで体験できます。","初めてでも安心して選べる、東京の女風 Story東京本店","KUCHIKOMI口コミ, 全国女性用風俗「Story(ストーリー)」","口コミについてABOUT","","30","80","0.09525 s","22kb","71","287","133","7","","","https://www.story-tokyo.com/review/58/","12","566kb","29","76","7","0"
"口コミ 女風｜東京で初めてでも選ばれているStory東京本店","https://www.story-tokyo.com/review/59/","女風に興味はあるけれど不安もある方へ。 Story東京本店は東京で、距離感と安心感を大切にしている女性用風俗です。 無理に選ばせず、自分のペースで体験できます。","初めてでも安心して選べる、東京の女風 Story東京本店","KUCHIKOMI口コミ, 全国女性用風俗「Story(ストーリー)」","口コミについてABOUT","","30","80","0.10850 s","22kb","71","312","133","7","","","https://www.story-tokyo.com/review/59/","12","1190kb","30","76","7","0"
"写メ日記 女風｜東京で初めてでも選ばれているStory東京本店","https://www.story-tokyo.com/diary/52/","女風に興味はあるけれど不安もある方へ。 Story東京本店は東京で、距離感と安心感を大切にしている女性用風俗です。 無理に選ばせず、自分のペースで体験できます。","初めてでも安心して選べる、東京の女風 Story東京本店","DIARY写メ日記, 全国女性用風俗「Story(ストーリー)」","投稿セラピストCONTRIBUTORS","","31","80","0.31042 s","30kb","135","320","199","7","","","https://www.story-tokyo.com/diary/52/","72","5579kb","26","200","7","0"
"写メ日記 女風｜東京で初めてでも選ばれているStory東京本店","https://www.story-tokyo.com/diary/53/","女風に興味はあるけれど不安もある方へ。 Story東京本店は東京で、距離感と安心感を大切にしている女性用風俗です。 無理に選ばせず、自分のペースで体験できます。","初めてでも安心して選べる、東京の女風 Story東京本店","DIARY写メ日記, 全国女性用風俗「Story(ストーリー)」","投稿セラピストCONTRIBUTORS","","31","80","0.13170 s","30kb","135","320","199","7","","","https://www.story-tokyo.com/diary/53/","72","5485kb","26","200","7","0"
"口コミ 女風｜東京で初めてでも選ばれているStory東京本店","https://www.story-tokyo.com/review/60/","女風に興味はあるけれど不安もある方へ。 Story東京本店は東京で、距離感と安心感を大切にしている女性用風俗です。 無理に選ばせず、自分のペースで体験できます。","初めてでも安心して選べる、東京の女風 Story東京本店","KUCHIKOMI口コミ, 全国女性用風俗「Story(ストーリー)」","口コミについてABOUT","","30","80","0.12533 s","23kb","71","294","133","7","","","https://www.story-tokyo.com/review/60/","12","527kb","30","76","7","0"
"口コミ 女風｜東京で初めてでも選ばれているStory東京本店","https://www.story-tokyo.com/review/61/","女風に興味はあるけれど不安もある方へ。 Story東京本店は東京で、距離感と安心感を大切にしている女性用風俗です。 無理に選ばせず、自分のペースで体験できます。","初めてでも安心して選べる、東京の女風 Story東京本店","KUCHIKOMI口コミ, 全国女性用風俗「Story(ストーリー)」","口コミについてABOUT","","30","80","0.13050 s","22kb","71","300","133","7","","","https://www.story-tokyo.com/review/61/","12","1272kb","31","76","7","0"
"写メ日記 女風｜東京で初めてでも選ばれているStory東京本店","https://www.story-tokyo.com/diary/54/","女風に興味はあるけれど不安もある方へ。 Story東京本店は東京で、距離感と安心感を大切にしている女性用風俗です。 無理に選ばせず、自分のペースで体験できます。","初めてでも安心して選べる、東京の女風 Story東京本店","DIARY写メ日記, 全国女性用風俗「Story(ストーリー)」","投稿セラピストCONTRIBUTORS","","31","80","0.12127 s","30kb","135","321","199","7","","","https://www.story-tokyo.com/diary/54/","72","5418kb","27","200","7","0"
"口コミ 女風｜東京で初めてでも選ばれているStory東京本店","https://www.story-tokyo.com/review/62/","女風に興味はあるけれど不安もある方へ。 Story東京本店は東京で、距離感と安心感を大切にしている女性用風俗です。 無理に選ばせず、自分のペースで体験できます。","初めてでも安心して選べる、東京の女風 Story東京本店","KUCHIKOMI口コミ, 全国女性用風俗「Story(ストーリー)」","口コミについてABOUT","","30","80","0.19741 s","23kb","71","292","133","7","","","https://www.story-tokyo.com/review/62/","12","488kb","31","76","7","0"
"写メ日記 女風｜東京で初めてでも選ばれているStory東京本店","https://www.story-tokyo.com/diary/55/","女風に興味はあるけれど不安もある方へ。 Story東京本店は東京で、距離感と安心感を大切にしている女性用風俗です。 無理に選ばせず、自分のペースで体験できます。","初めてでも安心して選べる、東京の女風 Story東京本店","DIARY写メ日記, 全国女性用風俗「Story(ストーリー)」","投稿セラピストCONTRIBUTORS","","31","80","0.19056 s","30kb","135","322","199","7","","","https://www.story-tokyo.com/diary/55/","72","5541kb","27","200","7","0"
"口コミ 女風｜東京で初めてでも選ばれているStory東京本店","https://www.story-tokyo.com/review/63/","女風に興味はあるけれど不安もある方へ。 Story東京本店は東京で、距離感と安心感を大切にしている女性用風俗です。 無理に選ばせず、自分のペースで体験できます。","初めてでも安心して選べる、東京の女風 Story東京本店","KUCHIKOMI口コミ, 全国女性用風俗「Story(ストーリー)」","口コミについてABOUT","","30","80","0.09603 s","22kb","71","289","133","7","","","https://www.story-tokyo.com/review/63/","12","582kb","32","76","7","0"
"口コミ 女風｜東京で初めてでも選ばれているStory東京本店","https://www.story-tokyo.com/review/64/","女風に興味はあるけれど不安もある方へ。 Story東京本店は東京で、距離感と安心感を大切にしている女性用風俗です。 無理に選ばせず、自分のペースで体験できます。","初めてでも安心して選べる、東京の女風 Story東京本店","KUCHIKOMI口コミ, 全国女性用風俗「Story(ストーリー)」","口コミについてABOUT","","30","80","0.10839 s","23kb","71","297","133","7","","","https://www.story-tokyo.com/review/64/","12","584kb","32","76","7","0"
"写メ日記 女風｜東京で初めてでも選ばれているStory東京本店","https://www.story-tokyo.com/diary/56/","女風に興味はあるけれど不安もある方へ。 Story東京本店は東京で、距離感と安心感を大切にしている女性用風俗です。 無理に選ばせず、自分のペースで体験できます。","初めてでも安心して選べる、東京の女風 Story東京本店","DIARY写メ日記, 全国女性用風俗「Story(ストーリー)」","投稿セラピストCONTRIBUTORS","","31","80","0.12153 s","30kb","135","325","199","7","","","https://www.story-tokyo.com/diary/56/","72","5672kb","28","200","7","0"
"口コミ 女風｜東京で初めてでも選ばれているStory東京本店","https://www.story-tokyo.com/review/66/","女風に興味はあるけれど不安もある方へ。 Story東京本店は東京で、距離感と安心感を大切にしている女性用風俗です。 無理に選ばせず、自分のペースで体験できます。","初めてでも安心して選べる、東京の女風 Story東京本店","KUCHIKOMI口コミ, 全国女性用風俗「Story(ストーリー)」","口コミについてABOUT","","30","80","0.10353 s","22kb","71","287","133","7","","","https://www.story-tokyo.com/review/66/","12","585kb","33","76","7","0"
"口コミ 女風｜東京で初めてでも選ばれているStory東京本店","https://www.story-tokyo.com/review/65/","女風に興味はあるけれど不安もある方へ。 Story東京本店は東京で、距離感と安心感を大切にしている女性用風俗です。 無理に選ばせず、自分のペースで体験できます。","初めてでも安心して選べる、東京の女風 Story東京本店","KUCHIKOMI口コミ, 全国女性用風俗「Story(ストーリー)」","口コミについてABOUT","","30","80","0.10807 s","21kb","71","282","133","7","","","https://www.story-tokyo.com/review/65/","12","475kb","33","76","7","0"
"写メ日記 女風｜東京で初めてでも選ばれているStory東京本店","https://www.story-tokyo.com/diary/57/","女風に興味はあるけれど不安もある方へ。 Story東京本店は東京で、距離感と安心感を大切にしている女性用風俗です。 無理に選ばせず、自分のペースで体験できます。","初めてでも安心して選べる、東京の女風 Story東京本店","DIARY写メ日記, 全国女性用風俗「Story(ストーリー)」","投稿セラピストCONTRIBUTORS","","31","80","0.11801 s","30kb","135","324","199","7","","","https://www.story-tokyo.com/diary/57/","72","6389kb","28","200","7","0"
"写メ日記 女風｜東京で初めてでも選ばれているStory東京本店","https://www.story-tokyo.com/diary/58/","女風に興味はあるけれど不安もある方へ。 Story東京本店は東京で、距離感と安心感を大切にしている女性用風俗です。 無理に選ばせず、自分のペースで体験できます。","初めてでも安心して選べる、東京の女風 Story東京本店","DIARY写メ日記, 全国女性用風俗「Story(ストーリー)」","投稿セラピストCONTRIBUTORS","","31","80","0.12959 s","30kb","135","320","199","7","","","https://www.story-tokyo.com/diary/58/","72","5259kb","29","200","7","0"
"口コミ 女風｜東京で初めてでも選ばれているStory東京本店","https://www.story-tokyo.com/review/67/","女風に興味はあるけれど不安もある方へ。 Story東京本店は東京で、距離感と安心感を大切にしている女性用風俗です。 無理に選ばせず、自分のペースで体験できます。","初めてでも安心して選べる、東京の女風 Story東京本店","KUCHIKOMI口コミ, 全国女性用風俗「Story(ストーリー)」","口コミについてABOUT","","30","80","0.11275 s","23kb","71","295","133","7","","","https://www.story-tokyo.com/review/67/","12","499kb","34","76","7","0"
"口コミ 女風｜東京で初めてでも選ばれているStory東京本店","https://www.story-tokyo.com/review/68/","女風に興味はあるけれど不安もある方へ。 Story東京本店は東京で、距離感と安心感を大切にしている女性用風俗です。 無理に選ばせず、自分のペースで体験できます。","初めてでも安心して選べる、東京の女風 Story東京本店","KUCHIKOMI口コミ, 全国女性用風俗「Story(ストーリー)」","口コミについてABOUT","","30","80","0.11713 s","22kb","71","273","133","7","","","https://www.story-tokyo.com/review/68/","12","502kb","34","76","7","0"
"写メ日記 女風｜東京で初めてでも選ばれているStory東京本店","https://www.story-tokyo.com/diary/59/","女風に興味はあるけれど不安もある方へ。 Story東京本店は東京で、距離感と安心感を大切にしている女性用風俗です。 無理に選ばせず、自分のペースで体験できます。","初めてでも安心して選べる、東京の女風 Story東京本店","DIARY写メ日記, 全国女性用風俗「Story(ストーリー)」","投稿セラピストCONTRIBUTORS","","31","80","0.13030 s","30kb","135","321","199","7","","","https://www.story-tokyo.com/diary/59/","72","5207kb","29","200","7","0"
"写メ日記 女風｜東京で初めてでも選ばれているStory東京本店","https://www.story-tokyo.com/diary/60/","女風に興味はあるけれど不安もある方へ。 Story東京本店は東京で、距離感と安心感を大切にしている女性用風俗です。 無理に選ばせず、自分のペースで体験できます。","初めてでも安心して選べる、東京の女風 Story東京本店","DIARY写メ日記, 全国女性用風俗「Story(ストーリー)」","投稿セラピストCONTRIBUTORS","","31","80","0.32836 s","30kb","135","322","199","7","","","https://www.story-tokyo.com/diary/60/","72","7659kb","30","200","7","0"
"口コミ 女風｜東京で初めてでも選ばれているStory東京本店","https://www.story-tokyo.com/review/69/","女風に興味はあるけれど不安もある方へ。 Story東京本店は東京で、距離感と安心感を大切にしている女性用風俗です。 無理に選ばせず、自分のペースで体験できます。","初めてでも安心して選べる、東京の女風 Story東京本店","KUCHIKOMI口コミ, 全国女性用風俗「Story(ストーリー)」","口コミについてABOUT","","30","80","0.09881 s","22kb","71","303","133","7","","","https://www.story-tokyo.com/review/69/","12","581kb","35","76","7","0"
"口コミ 女風｜東京で初めてでも選ばれているStory東京本店","https://www.story-tokyo.com/review/70/","女風に興味はあるけれど不安もある方へ。 Story東京本店は東京で、距離感と安心感を大切にしている女性用風俗です。 無理に選ばせず、自分のペースで体験できます。","初めてでも安心して選べる、東京の女風 Story東京本店","KUCHIKOMI口コミ, 全国女性用風俗「Story(ストーリー)」","口コミについてABOUT","","30","80","0.10964 s","22kb","71","291","133","7","","","https://www.story-tokyo.com/review/70/","12","610kb","35","76","7","0"
"写メ日記 女風｜東京で初めてでも選ばれているStory東京本店","https://www.story-tokyo.com/diary/61/","女風に興味はあるけれど不安もある方へ。 Story東京本店は東京で、距離感と安心感を大切にしている女性用風俗です。 無理に選ばせず、自分のペースで体験できます。","初めてでも安心して選べる、東京の女風 Story東京本店","DIARY写メ日記, 全国女性用風俗「Story(ストーリー)」","投稿セラピストCONTRIBUTORS","","31","80","0.16373 s","30kb","135","320","199","7","","","https://www.story-tokyo.com/diary/61/","72","5801kb","30","200","7","0"
"写メ日記 女風｜東京で初めてでも選ばれているStory東京本店","https://www.story-tokyo.com/diary/62/","女風に興味はあるけれど不安もある方へ。 Story東京本店は東京で、距離感と安心感を大切にしている女性用風俗です。 無理に選ばせず、自分のペースで体験できます。","初めてでも安心して選べる、東京の女風 Story東京本店","DIARY写メ日記, 全国女性用風俗「Story(ストーリー)」","投稿セラピストCONTRIBUTORS","","31","80","0.10952 s","30kb","135","323","199","7","","","https://www.story-tokyo.com/diary/62/","72","6081kb","31","200","7","0"
"口コミ 女風｜東京で初めてでも選ばれているStory東京本店","https://www.story-tokyo.com/review/72/","女風に興味はあるけれど不安もある方へ。 Story東京本店は東京で、距離感と安心感を大切にしている女性用風俗です。 無理に選ばせず、自分のペースで体験できます。","初めてでも安心して選べる、東京の女風 Story東京本店","KUCHIKOMI口コミ, 全国女性用風俗「Story(ストーリー)」","口コミについてABOUT","","30","80","0.13385 s","25kb","71","308","133","7","","","https://www.story-tokyo.com/review/72/","12","607kb","36","76","7","0"
"口コミ 女風｜東京で初めてでも選ばれているStory東京本店","https://www.story-tokyo.com/review/71/","女風に興味はあるけれど不安もある方へ。 Story東京本店は東京で、距離感と安心感を大切にしている女性用風俗です。 無理に選ばせず、自分のペースで体験できます。","初めてでも安心して選べる、東京の女風 Story東京本店","KUCHIKOMI口コミ, 全国女性用風俗「Story(ストーリー)」","口コミについてABOUT","","30","80","0.13434 s","24kb","71","296","133","7","","","https://www.story-tokyo.com/review/71/","12","1224kb","36","76","7","0"
"写メ日記 女風｜東京で初めてでも選ばれているStory東京本店","https://www.story-tokyo.com/diary/63/","女風に興味はあるけれど不安もある方へ。 Story東京本店は東京で、距離感と安心感を大切にしている女性用風俗です。 無理に選ばせず、自分のペースで体験できます。","初めてでも安心して選べる、東京の女風 Story東京本店","DIARY写メ日記, 全国女性用風俗「Story(ストーリー)」","投稿セラピストCONTRIBUTORS","","31","80","0.13855 s","30kb","135","320","199","7","","","https://www.story-tokyo.com/diary/63/","72","5187kb","31","200","7","0"
"口コミ 女風｜東京で初めてでも選ばれているStory東京本店","https://www.story-tokyo.com/review/73/","女風に興味はあるけれど不安もある方へ。 Story東京本店は東京で、距離感と安心感を大切にしている女性用風俗です。 無理に選ばせず、自分のペースで体験できます。","初めてでも安心して選べる、東京の女風 Story東京本店","KUCHIKOMI口コミ, 全国女性用風俗「Story(ストーリー)」","口コミについてABOUT","","30","80","0.09151 s","23kb","71","292","133","7","","","https://www.story-tokyo.com/review/73/","12","529kb","37","76","7","0"
"写メ日記 女風｜東京で初めてでも選ばれているStory東京本店","https://www.story-tokyo.com/diary/64/","女風に興味はあるけれど不安もある方へ。 Story東京本店は東京で、距離感と安心感を大切にしている女性用風俗です。 無理に選ばせず、自分のペースで体験できます。","初めてでも安心して選べる、東京の女風 Story東京本店","DIARY写メ日記, 全国女性用風俗「Story(ストーリー)」","投稿セラピストCONTRIBUTORS","","31","80","0.12039 s","30kb","135","320","199","7","","","https://www.story-tokyo.com/diary/64/","72","6172kb","32","200","7","0"
"口コミ 女風｜東京で初めてでも選ばれているStory東京本店","https://www.story-tokyo.com/review/74/","女風に興味はあるけれど不安もある方へ。 Story東京本店は東京で、距離感と安心感を大切にしている女性用風俗です。 無理に選ばせず、自分のペースで体験できます。","初めてでも安心して選べる、東京の女風 Story東京本店","KUCHIKOMI口コミ, 全国女性用風俗「Story(ストーリー)」","口コミについてABOUT","","30","80","0.09712 s","22kb","71","288","133","7","","","https://www.story-tokyo.com/review/74/","12","480kb","37","76","7","0"
"写メ日記 女風｜東京で初めてでも選ばれているStory東京本店","https://www.story-tokyo.com/diary/65/","女風に興味はあるけれど不安もある方へ。 Story東京本店は東京で、距離感と安心感を大切にしている女性用風俗です。 無理に選ばせず、自分のペースで体験できます。","初めてでも安心して選べる、東京の女風 Story東京本店","DIARY写メ日記, 全国女性用風俗「Story(ストーリー)」","投稿セラピストCONTRIBUTORS","","31","80","0.14420 s","30kb","135","320","199","7","","","https://www.story-tokyo.com/diary/65/","72","6908kb","32","200","7","0"
"口コミ 女風｜東京で初めてでも選ばれているStory東京本店","https://www.story-tokyo.com/review/75/","女風に興味はあるけれど不安もある方へ。 Story東京本店は東京で、距離感と安心感を大切にしている女性用風俗です。 無理に選ばせず、自分のペースで体験できます。","初めてでも安心して選べる、東京の女風 Story東京本店","KUCHIKOMI口コミ, 全国女性用風俗「Story(ストーリー)」","口コミについてABOUT","","30","80","0.13774 s","21kb","71","282","133","7","","","https://www.story-tokyo.com/review/75/","12","556kb","38","76","7","0"
"口コミ 女風｜東京で初めてでも選ばれているStory東京本店","https://www.story-tokyo.com/review/76/","女風に興味はあるけれど不安もある方へ。 Story東京本店は東京で、距離感と安心感を大切にしている女性用風俗です。 無理に選ばせず、自分のペースで体験できます。","初めてでも安心して選べる、東京の女風 Story東京本店","KUCHIKOMI口コミ, 全国女性用風俗「Story(ストーリー)」","口コミについてABOUT","","30","80","0.11389 s","23kb","71","286","133","7","","","https://www.story-tokyo.com/review/76/","12","634kb","38","76","7","0"
"写メ日記 女風｜東京で初めてでも選ばれているStory東京本店","https://www.story-tokyo.com/diary/66/","女風に興味はあるけれど不安もある方へ。 Story東京本店は東京で、距離感と安心感を大切にしている女性用風俗です。 無理に選ばせず、自分のペースで体験できます。","初めてでも安心して選べる、東京の女風 Story東京本店","DIARY写メ日記, 全国女性用風俗「Story(ストーリー)」","投稿セラピストCONTRIBUTORS","","31","80","0.13643 s","30kb","135","321","199","7","","","https://www.story-tokyo.com/diary/66/","72","7610kb","33","200","7","0"
"写メ日記 女風｜東京で初めてでも選ばれているStory東京本店","https://www.story-tokyo.com/diary/67/","女風に興味はあるけれど不安もある方へ。 Story東京本店は東京で、距離感と安心感を大切にしている女性用風俗です。 無理に選ばせず、自分のペースで体験できます。","初めてでも安心して選べる、東京の女風 Story東京本店","DIARY写メ日記, 全国女性用風俗「Story(ストーリー)」","投稿セラピストCONTRIBUTORS","","31","80","0.13448 s","30kb","135","320","199","7","","","https://www.story-tokyo.com/diary/67/","72","6460kb","33","200","7","0"
"口コミ 女風｜東京で初めてでも選ばれているStory東京本店","https://www.story-tokyo.com/review/78/","女風に興味はあるけれど不安もある方へ。 Story東京本店は東京で、距離感と安心感を大切にしている女性用風俗です。 無理に選ばせず、自分のペースで体験できます。","初めてでも安心して選べる、東京の女風 Story東京本店","KUCHIKOMI口コミ, 全国女性用風俗「Story(ストーリー)」","口コミについてABOUT","","30","80","0.13304 s","21kb","71","281","133","7","","","https://www.story-tokyo.com/review/78/","12","555kb","39","76","7","0"
"口コミ 女風｜東京で初めてでも選ばれているStory東京本店","https://www.story-tokyo.com/review/77/","女風に興味はあるけれど不安もある方へ。 Story東京本店は東京で、距離感と安心感を大切にしている女性用風俗です。 無理に選ばせず、自分のペースで体験できます。","初めてでも安心して選べる、東京の女風 Story東京本店","KUCHIKOMI口コミ, 全国女性用風俗「Story(ストーリー)」","口コミについてABOUT","","30","80","0.24919 s","22kb","71","298","133","7","","","https://www.story-tokyo.com/review/77/","12","613kb","39","76","7","0"
"写メ日記 女風｜東京で初めてでも選ばれているStory東京本店","https://www.story-tokyo.com/diary/68/","女風に興味はあるけれど不安もある方へ。 Story東京本店は東京で、距離感と安心感を大切にしている女性用風俗です。 無理に選ばせず、自分のペースで体験できます。","初めてでも安心して選べる、東京の女風 Story東京本店","DIARY写メ日記, 全国女性用風俗「Story(ストーリー)」","投稿セラピストCONTRIBUTORS","","31","80","0.11025 s","30kb","135","321","199","7","","","https://www.story-tokyo.com/diary/68/","72","7122kb","34","200","7","0"
"口コミ 女風｜東京で初めてでも選ばれているStory東京本店","https://www.story-tokyo.com/review/80/","女風に興味はあるけれど不安もある方へ。 Story東京本店は東京で、距離感と安心感を大切にしている女性用風俗です。 無理に選ばせず、自分のペースで体験できます。","初めてでも安心して選べる、東京の女風 Story東京本店","KUCHIKOMI口コミ, 全国女性用風俗「Story(ストーリー)」","口コミについてABOUT","","30","80","0.11560 s","22kb","71","281","133","7","","","https://www.story-tokyo.com/review/80/","12","542kb","40","76","7","0"
"口コミ 女風｜東京で初めてでも選ばれているStory東京本店","https://www.story-tokyo.com/review/79/","女風に興味はあるけれど不安もある方へ。 Story東京本店は東京で、距離感と安心感を大切にしている女性用風俗です。 無理に選ばせず、自分のペースで体験できます。","初めてでも安心して選べる、東京の女風 Story東京本店","KUCHIKOMI口コミ, 全国女性用風俗「Story(ストーリー)」","口コミについてABOUT","","30","80","0.11756 s","22kb","71","298","133","7","","","https://www.story-tokyo.com/review/79/","12","581kb","40","76","7","0"
"写メ日記 女風｜東京で初めてでも選ばれているStory東京本店","https://www.story-tokyo.com/diary/69/","女風に興味はあるけれど不安もある方へ。 Story東京本店は東京で、距離感と安心感を大切にしている女性用風俗です。 無理に選ばせず、自分のペースで体験できます。","初めてでも安心して選べる、東京の女風 Story東京本店","DIARY写メ日記, 全国女性用風俗「Story(ストーリー)」","投稿セラピストCONTRIBUTORS","","31","80","0.11541 s","30kb","135","322","199","7","","","https://www.story-tokyo.com/diary/69/","72","6117kb","34","200","7","0"
"写メ日記 女風｜東京で初めてでも選ばれているStory東京本店","https://www.story-tokyo.com/diary/70/","女風に興味はあるけれど不安もある方へ。 Story東京本店は東京で、距離感と安心感を大切にしている女性用風俗です。 無理に選ばせず、自分のペースで体験できます。","初めてでも安心して選べる、東京の女風 Story東京本店","DIARY写メ日記, 全国女性用風俗「Story(ストーリー)」","投稿セラピストCONTRIBUTORS","","31","80","0.10897 s","30kb","135","322","199","7","","","https://www.story-tokyo.com/diary/70/","72","5628kb","35","200","7","0"
"口コミ 女風｜東京で初めてでも選ばれているStory東京本店","https://www.story-tokyo.com/review/81/","女風に興味はあるけれど不安もある方へ。 Story東京本店は東京で、距離感と安心感を大切にしている女性用風俗です。 無理に選ばせず、自分のペースで体験できます。","初めてでも安心して選べる、東京の女風 Story東京本店","KUCHIKOMI口コミ, 全国女性用風俗「Story(ストーリー)」","口コミについてABOUT","","30","80","0.47357 s","23kb","71","303","133","7","","","https://www.story-tokyo.com/review/81/","12","513kb","41","76","7","0"
"口コミ 女風｜東京で初めてでも選ばれているStory東京本店","https://www.story-tokyo.com/review/82/","女風に興味はあるけれど不安もある方へ。 Story東京本店は東京で、距離感と安心感を大切にしている女性用風俗です。 無理に選ばせず、自分のペースで体験できます。","初めてでも安心して選べる、東京の女風 Story東京本店","KUCHIKOMI口コミ, 全国女性用風俗「Story(ストーリー)」","口コミについてABOUT","","30","80","0.10941 s","26kb","71","311","133","7","","","https://www.story-tokyo.com/review/82/","12","541kb","41","76","7","0"
"写メ日記 女風｜東京で初めてでも選ばれているStory東京本店","https://www.story-tokyo.com/diary/71/","女風に興味はあるけれど不安もある方へ。 Story東京本店は東京で、距離感と安心感を大切にしている女性用風俗です。 無理に選ばせず、自分のペースで体験できます。","初めてでも安心して選べる、東京の女風 Story東京本店","DIARY写メ日記, 全国女性用風俗「Story(ストーリー)」","投稿セラピストCONTRIBUTORS","","31","80","0.11343 s","30kb","135","320","199","9","","","https://www.story-tokyo.com/diary/71/","72","6086kb","35","200","7","0"
"写メ日記 女風｜東京で初めてでも選ばれているStory東京本店","https://www.story-tokyo.com/diary/72/","女風に興味はあるけれど不安もある方へ。 Story東京本店は東京で、距離感と安心感を大切にしている女性用風俗です。 無理に選ばせず、自分のペースで体験できます。","初めてでも安心して選べる、東京の女風 Story東京本店","DIARY写メ日記, 全国女性用風俗「Story(ストーリー)」","投稿セラピストCONTRIBUTORS","","31","80","0.94372 s","30kb","135","324","199","8","","","https://www.story-tokyo.com/diary/72/","72","5866kb","36","200","7","0"
"口コミ 女風｜東京で初めてでも選ばれているStory東京本店","https://www.story-tokyo.com/review/83/","女風に興味はあるけれど不安もある方へ。 Story東京本店は東京で、距離感と安心感を大切にしている女性用風俗です。 無理に選ばせず、自分のペースで体験できます。","初めてでも安心して選べる、東京の女風 Story東京本店","KUCHIKOMI口コミ, 全国女性用風俗「Story(ストーリー)」","口コミについてABOUT","","30","80","0.11667 s","23kb","71","290","133","7","","","https://www.story-tokyo.com/review/83/","12","554kb","42","76","7","0"
"口コミ 女風｜東京で初めてでも選ばれているStory東京本店","https://www.story-tokyo.com/review/84/","女風に興味はあるけれど不安もある方へ。 Story東京本店は東京で、距離感と安心感を大切にしている女性用風俗です。 無理に選ばせず、自分のペースで体験できます。","初めてでも安心して選べる、東京の女風 Story東京本店","KUCHIKOMI口コミ, 全国女性用風俗「Story(ストーリー)」","口コミについてABOUT","","30","80","0.11057 s","23kb","71","284","133","7","","","https://www.story-tokyo.com/review/84/","12","596kb","42","76","7","0"
"写メ日記 女風｜東京で初めてでも選ばれているStory東京本店","https://www.story-tokyo.com/diary/73/","女風に興味はあるけれど不安もある方へ。 Story東京本店は東京で、距離感と安心感を大切にしている女性用風俗です。 無理に選ばせず、自分のペースで体験できます。","初めてでも安心して選べる、東京の女風 Story東京本店","DIARY写メ日記, 全国女性用風俗「Story(ストーリー)」","投稿セラピストCONTRIBUTORS","","31","80","0.12270 s","30kb","135","326","199","7","","","https://www.story-tokyo.com/diary/73/","72","7304kb","36","200","7","0"
"写メ日記 女風｜東京で初めてでも選ばれているStory東京本店","https://www.story-tokyo.com/diary/74/","女風に興味はあるけれど不安もある方へ。 Story東京本店は東京で、距離感と安心感を大切にしている女性用風俗です。 無理に選ばせず、自分のペースで体験できます。","初めてでも安心して選べる、東京の女風 Story東京本店","DIARY写メ日記, 全国女性用風俗「Story(ストーリー)」","投稿セラピストCONTRIBUTORS","","31","80","0.10578 s","30kb","135","320","199","6","","","https://www.story-tokyo.com/diary/74/","72","6311kb","37","200","7","0"
"口コミ 女風｜東京で初めてでも選ばれているStory東京本店","https://www.story-tokyo.com/review/86/","女風に興味はあるけれど不安もある方へ。 Story東京本店は東京で、距離感と安心感を大切にしている女性用風俗です。 無理に選ばせず、自分のペースで体験できます。","初めてでも安心して選べる、東京の女風 Story東京本店","KUCHIKOMI口コミ, 全国女性用風俗「Story(ストーリー)」","口コミについてABOUT","","30","80","0.11507 s","23kb","71","303","133","7","","","https://www.story-tokyo.com/review/86/","12","561kb","43","76","7","0"
"口コミ 女風｜東京で初めてでも選ばれているStory東京本店","https://www.story-tokyo.com/review/85/","女風に興味はあるけれど不安もある方へ。 Story東京本店は東京で、距離感と安心感を大切にしている女性用風俗です。 無理に選ばせず、自分のペースで体験できます。","初めてでも安心して選べる、東京の女風 Story東京本店","KUCHIKOMI口コミ, 全国女性用風俗「Story(ストーリー)」","口コミについてABOUT","","30","80","0.12241 s","23kb","71","295","133","7","","","https://www.story-tokyo.com/review/85/","12","492kb","43","76","7","0"
"写メ日記 女風｜東京で初めてでも選ばれているStory東京本店","https://www.story-tokyo.com/diary/75/","女風に興味はあるけれど不安もある方へ。 Story東京本店は東京で、距離感と安心感を大切にしている女性用風俗です。 無理に選ばせず、自分のペースで体験できます。","初めてでも安心して選べる、東京の女風 Story東京本店","DIARY写メ日記, 全国女性用風俗「Story(ストーリー)」","投稿セラピストCONTRIBUTORS","","31","80","0.15163 s","26kb","116","278","199","4","","","https://www.story-tokyo.com/diary/75/","60","4367kb","37","169","7","0"
"口コミ 女風｜東京で初めてでも選ばれているStory東京本店","https://www.story-tokyo.com/review/87/","女風に興味はあるけれど不安もある方へ。 Story東京本店は東京で、距離感と安心感を大切にしている女性用風俗です。 無理に選ばせず、自分のペースで体験できます。","初めてでも安心して選べる、東京の女風 Story東京本店","KUCHIKOMI口コミ, 全国女性用風俗「Story(ストーリー)」","口コミについてABOUT","","30","80","0.13860 s","23kb","71","301","133","7","","","https://www.story-tokyo.com/review/87/","12","514kb","44","76","7","0"
"口コミ 女風｜東京で初めてでも選ばれているStory東京本店","https://www.story-tokyo.com/review/88/","女風に興味はあるけれど不安もある方へ。 Story東京本店は東京で、距離感と安心感を大切にしている女性用風俗です。 無理に選ばせず、自分のペースで体験できます。","初めてでも安心して選べる、東京の女風 Story東京本店","KUCHIKOMI口コミ, 全国女性用風俗「Story(ストーリー)」","口コミについてABOUT","","30","80","0.17388 s","21kb","71","304","133","7","","","https://www.story-tokyo.com/review/88/","12","581kb","44","76","7","0"
"口コミ 女風｜東京で初めてでも選ばれているStory東京本店","https://www.story-tokyo.com/review/90/","女風に興味はあるけれど不安もある方へ。 Story東京本店は東京で、距離感と安心感を大切にしている女性用風俗です。 無理に選ばせず、自分のペースで体験できます。","初めてでも安心して選べる、東京の女風 Story東京本店","KUCHIKOMI口コミ, 全国女性用風俗「Story(ストーリー)」","口コミについてABOUT","","30","80","0.10156 s","24kb","71","294","133","7","","","https://www.story-tokyo.com/review/90/","12","571kb","45","76","7","0"
"口コミ 女風｜東京で初めてでも選ばれているStory東京本店","https://www.story-tokyo.com/review/89/","女風に興味はあるけれど不安もある方へ。 Story東京本店は東京で、距離感と安心感を大切にしている女性用風俗です。 無理に選ばせず、自分のペースで体験できます。","初めてでも安心して選べる、東京の女風 Story東京本店","KUCHIKOMI口コミ, 全国女性用風俗「Story(ストーリー)」","口コミについてABOUT","","30","80","0.14314 s","23kb","71","308","133","7","","","https://www.story-tokyo.com/review/89/","12","530kb","45","76","7","0"
"口コミ 女風｜東京で初めてでも選ばれているStory東京本店","https://www.story-tokyo.com/review/91/","女風に興味はあるけれど不安もある方へ。 Story東京本店は東京で、距離感と安心感を大切にしている女性用風俗です。 無理に選ばせず、自分のペースで体験できます。","初めてでも安心して選べる、東京の女風 Story東京本店","KUCHIKOMI口コミ, 全国女性用風俗「Story(ストーリー)」","口コミについてABOUT","","30","80","0.09712 s","22kb","71","283","133","7","","","https://www.story-tokyo.com/review/91/","12","541kb","46","76","7","0"
"口コミ 女風｜東京で初めてでも選ばれているStory東京本店","https://www.story-tokyo.com/review/92/","女風に興味はあるけれど不安もある方へ。 Story東京本店は東京で、距離感と安心感を大切にしている女性用風俗です。 無理に選ばせず、自分のペースで体験できます。","初めてでも安心して選べる、東京の女風 Story東京本店","KUCHIKOMI口コミ, 全国女性用風俗「Story(ストーリー)」","口コミについてABOUT","","30","80","0.15722 s","23kb","71","281","133","7","","","https://www.story-tokyo.com/review/92/","12","518kb","46","76","7","0"
"口コミ 女風｜東京で初めてでも選ばれているStory東京本店","https://www.story-tokyo.com/review/93/","女風に興味はあるけれど不安もある方へ。 Story東京本店は東京で、距離感と安心感を大切にしている女性用風俗です。 無理に選ばせず、自分のペースで体験できます。","初めてでも安心して選べる、東京の女風 Story東京本店","KUCHIKOMI口コミ, 全国女性用風俗「Story(ストーリー)」","口コミについてABOUT","","30","80","0.12414 s","24kb","71","300","133","7","","","https://www.story-tokyo.com/review/93/","12","556kb","47","76","7","0"
"口コミ 女風｜東京で初めてでも選ばれているStory東京本店","https://www.story-tokyo.com/review/94/","女風に興味はあるけれど不安もある方へ。 Story東京本店は東京で、距離感と安心感を大切にしている女性用風俗です。 無理に選ばせず、自分のペースで体験できます。","初めてでも安心して選べる、東京の女風 Story東京本店","KUCHIKOMI口コミ, 全国女性用風俗「Story(ストーリー)」","口コミについてABOUT","","30","80","0.13031 s","22kb","71","292","133","7","","","https://www.story-tokyo.com/review/94/","12","517kb","47","76","7","0"
"口コミ 女風｜東京で初めてでも選ばれているStory東京本店","https://www.story-tokyo.com/review/95/","女風に興味はあるけれど不安もある方へ。 Story東京本店は東京で、距離感と安心感を大切にしている女性用風俗です。 無理に選ばせず、自分のペースで体験できます。","初めてでも安心して選べる、東京の女風 Story東京本店","KUCHIKOMI口コミ, 全国女性用風俗「Story(ストーリー)」","口コミについてABOUT","","30","80","0.12681 s","22kb","71","288","133","7","","","https://www.story-tokyo.com/review/95/","12","524kb","48","76","7","0"
"口コミ 女風｜東京で初めてでも選ばれているStory東京本店","https://www.story-tokyo.com/review/96/","女風に興味はあるけれど不安もある方へ。 Story東京本店は東京で、距離感と安心感を大切にしている女性用風俗です。 無理に選ばせず、自分のペースで体験できます。","初めてでも安心して選べる、東京の女風 Story東京本店","KUCHIKOMI口コミ, 全国女性用風俗「Story(ストーリー)」","口コミについてABOUT","","30","80","0.13277 s","24kb","71","339","133","7","","","https://www.story-tokyo.com/review/96/","12","533kb","48","76","7","0"
"口コミ 女風｜東京で初めてでも選ばれているStory東京本店","https://www.story-tokyo.com/review/97/","女風に興味はあるけれど不安もある方へ。 Story東京本店は東京で、距離感と安心感を大切にしている女性用風俗です。 無理に選ばせず、自分のペースで体験できます。","初めてでも安心して選べる、東京の女風 Story東京本店","KUCHIKOMI口コミ, 全国女性用風俗「Story(ストーリー)」","口コミについてABOUT","","30","80","0.13730 s","25kb","71","311","133","7","","","https://www.story-tokyo.com/review/97/","12","586kb","49","76","7","0"
"口コミ 女風｜東京で初めてでも選ばれているStory東京本店","https://www.story-tokyo.com/review/98/","女風に興味はあるけれど不安もある方へ。 Story東京本店は東京で、距離感と安心感を大切にしている女性用風俗です。 無理に選ばせず、自分のペースで体験できます。","初めてでも安心して選べる、東京の女風 Story東京本店","KUCHIKOMI口コミ, 全国女性用風俗「Story(ストーリー)」","口コミについてABOUT","","30","80","0.14848 s","23kb","71","307","133","7","","","https://www.story-tokyo.com/review/98/","12","479kb","49","76","7","0"
"口コミ 女風｜東京で初めてでも選ばれているStory東京本店","https://www.story-tokyo.com/review/99/","女風に興味はあるけれど不安もある方へ。 Story東京本店は東京で、距離感と安心感を大切にしている女性用風俗です。 無理に選ばせず、自分のペースで体験できます。","初めてでも安心して選べる、東京の女風 Story東京本店","KUCHIKOMI口コミ, 全国女性用風俗「Story(ストーリー)」","口コミについてABOUT","","30","80","0.11459 s","22kb","71","290","133","7","","","https://www.story-tokyo.com/review/99/","12","575kb","50","76","7","0"
"口コミ 女風｜東京で初めてでも選ばれているStory東京本店","https://www.story-tokyo.com/review/100/","女風に興味はあるけれど不安もある方へ。 Story東京本店は東京で、距離感と安心感を大切にしている女性用風俗です。 無理に選ばせず、自分のペースで体験できます。","初めてでも安心して選べる、東京の女風 Story東京本店","KUCHIKOMI口コミ, 全国女性用風俗「Story(ストーリー)」","口コミについてABOUT","","30","80","0.12492 s","25kb","71","313","133","7","","","https://www.story-tokyo.com/review/100/","12","596kb","50","76","7","0"
"口コミ 女風｜東京で初めてでも選ばれているStory東京本店","https://www.story-tokyo.com/review/102/","女風に興味はあるけれど不安もある方へ。 Story東京本店は東京で、距離感と安心感を大切にしている女性用風俗です。 無理に選ばせず、自分のペースで体験できます。","初めてでも安心して選べる、東京の女風 Story東京本店","KUCHIKOMI口コミ, 全国女性用風俗「Story(ストーリー)」","口コミについてABOUT","","30","80","0.15099 s","23kb","71","289","133","7","","","https://www.story-tokyo.com/review/102/","12","538kb","51","76","7","0"
"口コミ 女風｜東京で初めてでも選ばれているStory東京本店","https://www.story-tokyo.com/review/101/","女風に興味はあるけれど不安もある方へ。 Story東京本店は東京で、距離感と安心感を大切にしている女性用風俗です。 無理に選ばせず、自分のペースで体験できます。","初めてでも安心して選べる、東京の女風 Story東京本店","KUCHIKOMI口コミ, 全国女性用風俗「Story(ストーリー)」","口コミについてABOUT","","30","80","0.15154 s","22kb","71","287","133","7","","","https://www.story-tokyo.com/review/101/","12","538kb","51","76","7","0"
"口コミ 女風｜東京で初めてでも選ばれているStory東京本店","https://www.story-tokyo.com/review/104/","女風に興味はあるけれど不安もある方へ。 Story東京本店は東京で、距離感と安心感を大切にしている女性用風俗です。 無理に選ばせず、自分のペースで体験できます。","初めてでも安心して選べる、東京の女風 Story東京本店","KUCHIKOMI口コミ, 全国女性用風俗「Story(ストーリー)」","口コミについてABOUT","","30","80","0.11379 s","23kb","71","294","133","7","","","https://www.story-tokyo.com/review/104/","12","480kb","52","76","7","0"
"口コミ 女風｜東京で初めてでも選ばれているStory東京本店","https://www.story-tokyo.com/review/103/","女風に興味はあるけれど不安もある方へ。 Story東京本店は東京で、距離感と安心感を大切にしている女性用風俗です。 無理に選ばせず、自分のペースで体験できます。","初めてでも安心して選べる、東京の女風 Story東京本店","KUCHIKOMI口コミ, 全国女性用風俗「Story(ストーリー)」","口コミについてABOUT","","30","80","0.13270 s","21kb","71","289","133","7","","","https://www.story-tokyo.com/review/103/","12","574kb","52","76","7","0"
"口コミ 女風｜東京で初めてでも選ばれているStory東京本店","https://www.story-tokyo.com/review/105/","女風に興味はあるけれど不安もある方へ。 Story東京本店は東京で、距離感と安心感を大切にしている女性用風俗です。 無理に選ばせず、自分のペースで体験できます。","初めてでも安心して選べる、東京の女風 Story東京本店","KUCHIKOMI口コミ, 全国女性用風俗「Story(ストーリー)」","口コミについてABOUT","","30","80","0.11640 s","25kb","71","323","133","7","","","https://www.story-tokyo.com/review/105/","12","524kb","53","76","7","0"
"口コミ 女風｜東京で初めてでも選ばれているStory東京本店","https://www.story-tokyo.com/review/106/","女風に興味はあるけれど不安もある方へ。 Story東京本店は東京で、距離感と安心感を大切にしている女性用風俗です。 無理に選ばせず、自分のペースで体験できます。","初めてでも安心して選べる、東京の女風 Story東京本店","KUCHIKOMI口コミ, 全国女性用風俗「Story(ストーリー)」","口コミについてABOUT","","30","80","0.12725 s","22kb","71","304","133","7","","","https://www.story-tokyo.com/review/106/","12","493kb","53","76","7","0"
"口コミ 女風｜東京で初めてでも選ばれているStory東京本店","https://www.story-tokyo.com/review/107/","女風に興味はあるけれど不安もある方へ。 Story東京本店は東京で、距離感と安心感を大切にしている女性用風俗です。 無理に選ばせず、自分のペースで体験できます。","初めてでも安心して選べる、東京の女風 Story東京本店","KUCHIKOMI口コミ, 全国女性用風俗「Story(ストーリー)」","口コミについてABOUT","","30","80","0.09886 s","24kb","71","310","133","7","","","https://www.story-tokyo.com/review/107/","12","482kb","54","76","7","0"
"口コミ 女風｜東京で初めてでも選ばれているStory東京本店","https://www.story-tokyo.com/review/108/","女風に興味はあるけれど不安もある方へ。 Story東京本店は東京で、距離感と安心感を大切にしている女性用風俗です。 無理に選ばせず、自分のペースで体験できます。","初めてでも安心して選べる、東京の女風 Story東京本店","KUCHIKOMI口コミ, 全国女性用風俗「Story(ストーリー)」","口コミについてABOUT","","30","80","0.10282 s","24kb","71","316","133","7","","","https://www.story-tokyo.com/review/108/","12","1267kb","54","76","7","0"
"口コミ 女風｜東京で初めてでも選ばれているStory東京本店","https://www.story-tokyo.com/review/110/","女風に興味はあるけれど不安もある方へ。 Story東京本店は東京で、距離感と安心感を大切にしている女性用風俗です。 無理に選ばせず、自分のペースで体験できます。","初めてでも安心して選べる、東京の女風 Story東京本店","KUCHIKOMI口コミ, 全国女性用風俗「Story(ストーリー)」","口コミについてABOUT","","30","80","0.09932 s","23kb","71","308","133","7","","","https://www.story-tokyo.com/review/110/","12","501kb","55","76","7","0"
"口コミ 女風｜東京で初めてでも選ばれているStory東京本店","https://www.story-tokyo.com/review/109/","女風に興味はあるけれど不安もある方へ。 Story東京本店は東京で、距離感と安心感を大切にしている女性用風俗です。 無理に選ばせず、自分のペースで体験できます。","初めてでも安心して選べる、東京の女風 Story東京本店","KUCHIKOMI口コミ, 全国女性用風俗「Story(ストーリー)」","口コミについてABOUT","","30","80","0.10088 s","23kb","71","297","133","7","","","https://www.story-tokyo.com/review/109/","12","571kb","55","76","7","0"
"口コミ 女風｜東京で初めてでも選ばれているStory東京本店","https://www.story-tokyo.com/review/112/","女風に興味はあるけれど不安もある方へ。 Story東京本店は東京で、距離感と安心感を大切にしている女性用風俗です。 無理に選ばせず、自分のペースで体験できます。","初めてでも安心して選べる、東京の女風 Story東京本店","KUCHIKOMI口コミ, 全国女性用風俗「Story(ストーリー)」","口コミについてABOUT","","30","80","0.14900 s","25kb","71","318","133","7","","","https://www.story-tokyo.com/review/112/","12","556kb","56","76","7","0"
"口コミ 女風｜東京で初めてでも選ばれているStory東京本店","https://www.story-tokyo.com/review/111/","女風に興味はあるけれど不安もある方へ。 Story東京本店は東京で、距離感と安心感を大切にしている女性用風俗です。 無理に選ばせず、自分のペースで体験できます。","初めてでも安心して選べる、東京の女風 Story東京本店","KUCHIKOMI口コミ, 全国女性用風俗「Story(ストーリー)」","口コミについてABOUT","","30","80","0.16000 s","23kb","71","310","133","7","","","https://www.story-tokyo.com/review/111/","12","508kb","56","76","7","0"
"口コミ 女風｜東京で初めてでも選ばれているStory東京本店","https://www.story-tokyo.com/review/114/","女風に興味はあるけれど不安もある方へ。 Story東京本店は東京で、距離感と安心感を大切にしている女性用風俗です。 無理に選ばせず、自分のペースで体験できます。","初めてでも安心して選べる、東京の女風 Story東京本店","KUCHIKOMI口コミ, 全国女性用風俗「Story(ストーリー)」","口コミについてABOUT","","30","80","0.12103 s","23kb","71","300","133","7","","","https://www.story-tokyo.com/review/114/","12","518kb","57","76","7","0"
"口コミ 女風｜東京で初めてでも選ばれているStory東京本店","https://www.story-tokyo.com/review/113/","女風に興味はあるけれど不安もある方へ。 Story東京本店は東京で、距離感と安心感を大切にしている女性用風俗です。 無理に選ばせず、自分のペースで体験できます。","初めてでも安心して選べる、東京の女風 Story東京本店","KUCHIKOMI口コミ, 全国女性用風俗「Story(ストーリー)」","口コミについてABOUT","","30","80","0.11758 s","25kb","71","319","133","7","","","https://www.story-tokyo.com/review/113/","12","511kb","57","76","7","0"
"口コミ 女風｜東京で初めてでも選ばれているStory東京本店","https://www.story-tokyo.com/review/115/","女風に興味はあるけれど不安もある方へ。 Story東京本店は東京で、距離感と安心感を大切にしている女性用風俗です。 無理に選ばせず、自分のペースで体験できます。","初めてでも安心して選べる、東京の女風 Story東京本店","KUCHIKOMI口コミ, 全国女性用風俗「Story(ストーリー)」","口コミについてABOUT","","30","80","0.11621 s","27kb","71","329","133","7","","","https://www.story-tokyo.com/review/115/","12","543kb","58","76","7","0"
"口コミ 女風｜東京で初めてでも選ばれているStory東京本店","https://www.story-tokyo.com/review/116/","女風に興味はあるけれど不安もある方へ。 Story東京本店は東京で、距離感と安心感を大切にしている女性用風俗です。 無理に選ばせず、自分のペースで体験できます。","初めてでも安心して選べる、東京の女風 Story東京本店","KUCHIKOMI口コミ, 全国女性用風俗「Story(ストーリー)」","口コミについてABOUT","","30","80","0.11121 s","24kb","71","290","133","7","","","https://www.story-tokyo.com/review/116/","12","492kb","58","76","7","0"
"口コミ 女風｜東京で初めてでも選ばれているStory東京本店","https://www.story-tokyo.com/review/118/","女風に興味はあるけれど不安もある方へ。 Story東京本店は東京で、距離感と安心感を大切にしている女性用風俗です。 無理に選ばせず、自分のペースで体験できます。","初めてでも安心して選べる、東京の女風 Story東京本店","KUCHIKOMI口コミ, 全国女性用風俗「Story(ストーリー)」","口コミについてABOUT","","30","80","0.12232 s","25kb","71","335","133","7","","","https://www.story-tokyo.com/review/118/","12","500kb","59","76","7","0"
"口コミ 女風｜東京で初めてでも選ばれているStory東京本店","https://www.story-tokyo.com/review/117/","女風に興味はあるけれど不安もある方へ。 Story東京本店は東京で、距離感と安心感を大切にしている女性用風俗です。 無理に選ばせず、自分のペースで体験できます。","初めてでも安心して選べる、東京の女風 Story東京本店","KUCHIKOMI口コミ, 全国女性用風俗「Story(ストーリー)」","口コミについてABOUT","","30","80","0.13582 s","24kb","71","313","133","7","","","https://www.story-tokyo.com/review/117/","12","529kb","59","76","7","0"
"口コミ 女風｜東京で初めてでも選ばれているStory東京本店","https://www.story-tokyo.com/review/119/","女風に興味はあるけれど不安もある方へ。 Story東京本店は東京で、距離感と安心感を大切にしている女性用風俗です。 無理に選ばせず、自分のペースで体験できます。","初めてでも安心して選べる、東京の女風 Story東京本店","KUCHIKOMI口コミ, 全国女性用風俗「Story(ストーリー)」","口コミについてABOUT","","30","80","0.12359 s","26kb","71","322","133","7","","","https://www.story-tokyo.com/review/119/","12","550kb","60","76","7","0"
"口コミ 女風｜東京で初めてでも選ばれているStory東京本店","https://www.story-tokyo.com/review/120/","女風に興味はあるけれど不安もある方へ。 Story東京本店は東京で、距離感と安心感を大切にしている女性用風俗です。 無理に選ばせず、自分のペースで体験できます。","初めてでも安心して選べる、東京の女風 Story東京本店","KUCHIKOMI口コミ, 全国女性用風俗「Story(ストーリー)」","口コミについてABOUT","","30","80","0.13431 s","25kb","71","309","133","7","","","https://www.story-tokyo.com/review/120/","12","494kb","60","76","7","0"
"口コミ 女風｜東京で初めてでも選ばれているStory東京本店","https://www.story-tokyo.com/review/122/","女風に興味はあるけれど不安もある方へ。 Story東京本店は東京で、距離感と安心感を大切にしている女性用風俗です。 無理に選ばせず、自分のペースで体験できます。","初めてでも安心して選べる、東京の女風 Story東京本店","KUCHIKOMI口コミ, 全国女性用風俗「Story(ストーリー)」","口コミについてABOUT","","30","80","0.11801 s","25kb","71","313","133","7","","","https://www.story-tokyo.com/review/122/","12","488kb","61","76","7","0"
"口コミ 女風｜東京で初めてでも選ばれているStory東京本店","https://www.story-tokyo.com/review/121/","女風に興味はあるけれど不安もある方へ。 Story東京本店は東京で、距離感と安心感を大切にしている女性用風俗です。 無理に選ばせず、自分のペースで体験できます。","初めてでも安心して選べる、東京の女風 Story東京本店","KUCHIKOMI口コミ, 全国女性用風俗「Story(ストーリー)」","口コミについてABOUT","","30","80","0.13223 s","25kb","71","316","133","7","","","https://www.story-tokyo.com/review/121/","12","519kb","61","76","7","0"
"口コミ 女風｜東京で初めてでも選ばれているStory東京本店","https://www.story-tokyo.com/review/124/","女風に興味はあるけれど不安もある方へ。 Story東京本店は東京で、距離感と安心感を大切にしている女性用風俗です。 無理に選ばせず、自分のペースで体験できます。","初めてでも安心して選べる、東京の女風 Story東京本店","KUCHIKOMI口コミ, 全国女性用風俗「Story(ストーリー)」","口コミについてABOUT","","30","80","0.13557 s","25kb","71","331","133","7","","","https://www.story-tokyo.com/review/124/","12","545kb","62","76","7","0"
"口コミ 女風｜東京で初めてでも選ばれているStory東京本店","https://www.story-tokyo.com/review/123/","女風に興味はあるけれど不安もある方へ。 Story東京本店は東京で、距離感と安心感を大切にしている女性用風俗です。 無理に選ばせず、自分のペースで体験できます。","初めてでも安心して選べる、東京の女風 Story東京本店","KUCHIKOMI口コミ, 全国女性用風俗「Story(ストーリー)」","口コミについてABOUT","","30","80","0.12717 s","30kb","71","416","133","7","","","https://www.story-tokyo.com/review/123/","12","519kb","62","76","7","0"
"口コミ 女風｜東京で初めてでも選ばれているStory東京本店","https://www.story-tokyo.com/review/125/","女風に興味はあるけれど不安もある方へ。 Story東京本店は東京で、距離感と安心感を大切にしている女性用風俗です。 無理に選ばせず、自分のペースで体験できます。","初めてでも安心して選べる、東京の女風 Story東京本店","KUCHIKOMI口コミ, 全国女性用風俗「Story(ストーリー)」","口コミについてABOUT","","30","80","0.13447 s","22kb","71","285","133","7","","","https://www.story-tokyo.com/review/125/","12","481kb","63","76","7","0"
"口コミ 女風｜東京で初めてでも選ばれているStory東京本店","https://www.story-tokyo.com/review/126/","女風に興味はあるけれど不安もある方へ。 Story東京本店は東京で、距離感と安心感を大切にしている女性用風俗です。 無理に選ばせず、自分のペースで体験できます。","初めてでも安心して選べる、東京の女風 Story東京本店","KUCHIKOMI口コミ, 全国女性用風俗「Story(ストーリー)」","口コミについてABOUT","","30","80","0.13170 s","24kb","71","312","133","7","","","https://www.story-tokyo.com/review/126/","12","560kb","63","76","7","0"
"口コミ 女風｜東京で初めてでも選ばれているStory東京本店","https://www.story-tokyo.com/review/128/","女風に興味はあるけれど不安もある方へ。 Story東京本店は東京で、距離感と安心感を大切にしている女性用風俗です。 無理に選ばせず、自分のペースで体験できます。","初めてでも安心して選べる、東京の女風 Story東京本店","KUCHIKOMI口コミ, 全国女性用風俗「Story(ストーリー)」","口コミについてABOUT","","30","80","0.13647 s","22kb","71","294","133","7","","","https://www.story-tokyo.com/review/128/","12","573kb","64","76","7","0"
"口コミ 女風｜東京で初めてでも選ばれているStory東京本店","https://www.story-tokyo.com/review/127/","女風に興味はあるけれど不安もある方へ。 Story東京本店は東京で、距離感と安心感を大切にしている女性用風俗です。 無理に選ばせず、自分のペースで体験できます。","初めてでも安心して選べる、東京の女風 Story東京本店","KUCHIKOMI口コミ, 全国女性用風俗「Story(ストーリー)」","口コミについてABOUT","","30","80","0.13693 s","25kb","71","322","133","7","","","https://www.story-tokyo.com/review/127/","12","553kb","64","76","7","0"
"口コミ 女風｜東京で初めてでも選ばれているStory東京本店","https://www.story-tokyo.com/review/130/","女風に興味はあるけれど不安もある方へ。 Story東京本店は東京で、距離感と安心感を大切にしている女性用風俗です。 無理に選ばせず、自分のペースで体験できます。","初めてでも安心して選べる、東京の女風 Story東京本店","KUCHIKOMI口コミ, 全国女性用風俗「Story(ストーリー)」","口コミについてABOUT","","30","80","0.09741 s","24kb","71","295","133","8","","","https://www.story-tokyo.com/review/130/","12","533kb","65","76","7","0"
"口コミ 女風｜東京で初めてでも選ばれているStory東京本店","https://www.story-tokyo.com/review/129/","女風に興味はあるけれど不安もある方へ。 Story東京本店は東京で、距離感と安心感を大切にしている女性用風俗です。 無理に選ばせず、自分のペースで体験できます。","初めてでも安心して選べる、東京の女風 Story東京本店","KUCHIKOMI口コミ, 全国女性用風俗「Story(ストーリー)」","口コミについてABOUT","","30","80","0.11436 s","24kb","71","301","133","9","","","https://www.story-tokyo.com/review/129/","12","555kb","65","76","7","0"
"口コミ 女風｜東京で初めてでも選ばれているStory東京本店","https://www.story-tokyo.com/review/132/","女風に興味はあるけれど不安もある方へ。 Story東京本店は東京で、距離感と安心感を大切にしている女性用風俗です。 無理に選ばせず、自分のペースで体験できます。","初めてでも安心して選べる、東京の女風 Story東京本店","KUCHIKOMI口コミ, 全国女性用風俗「Story(ストーリー)」","口コミについてABOUT","","30","80","0.11875 s","29kb","71","334","133","6","","","https://www.story-tokyo.com/review/132/","12","568kb","66","76","7","0"
"口コミ 女風｜東京で初めてでも選ばれているStory東京本店","https://www.story-tokyo.com/review/131/","女風に興味はあるけれど不安もある方へ。 Story東京本店は東京で、距離感と安心感を大切にしている女性用風俗です。 無理に選ばせず、自分のペースで体験できます。","初めてでも安心して選べる、東京の女風 Story東京本店","KUCHIKOMI口コミ, 全国女性用風俗「Story(ストーリー)」","口コミについてABOUT","","30","80","0.12086 s","29kb","71","335","133","7","","","https://www.story-tokyo.com/review/131/","12","532kb","66","76","7","0"
"口コミ 女風｜東京で初めてでも選ばれているStory東京本店","https://www.story-tokyo.com/review/133/","女風に興味はあるけれど不安もある方へ。 Story東京本店は東京で、距離感と安心感を大切にしている女性用風俗です。 無理に選ばせず、自分のペースで体験できます。","初めてでも安心して選べる、東京の女風 Story東京本店","KUCHIKOMI口コミ, 全国女性用風俗「Story(ストーリー)」","口コミについてABOUT","","30","80","0.11375 s","21kb","64","264","133","4","","","https://www.story-tokyo.com/review/133/","9","375kb","67","66","7","0"
