"Title","URL","h1 headings","h1 count","h2 headings","h3 headings","h4 headings"
"女風｜東京で初めてでも選ばれているStory東京本店","https://www.story-tokyo.com/","初めてでも安心して選べる、東京の女風 Story東京本店","","全国女性用風俗「Story(ストーリー)」","",""
"女風｜東京で初めてでも選ばれているStory東京本店","https://www.story-tokyo.com/top/","初めてでも安心して選べる、東京の女風 Story東京本店","","トップページ, 全国女性用風俗「Story(ストーリー)」","CAMPAIGNキャンペーン情報, TOPICSトピックス, TODAY'S SCHEDULE本日の出勤, DIARY写メ日記, RANKINGランキング","ポイントランキング, リピートランキング, 兼業ランキング, 新人ランキング"
"初めての方へ 女風｜東京で初めてでも選ばれているStory東京本店","https://www.story-tokyo.com/first/","初めてでも安心して選べる、東京の女風 Story東京本店","","FIRST TIME初めての方へ, 全国女性用風俗「Story(ストーリー)」","自分を主人公にした物語を紡ぐ場所, Storyの３つの特徴, こんな女性の方におすすめです","１.ともに創りあげる体験, ２.多様なサービスプラン, ３.女性用風俗初心者でもおすすめ"
"【女性用風俗】の相場を内勤が解説 女風｜東京で初めてでも選ばれているStory東京本店","https://www.story-tokyo.com/guide/","初めてでも安心して選べる、東京の女風 Story東京本店","","HOW IT WORKS【女性用風俗】の相場を内勤が解説, 全国女性用風俗「Story(ストーリー)」","この記事でわかること, 今回お話するのは…, list目次, 1女性用風俗とは？東京で利用されるサービスの基本, 2東京の女性用風俗の料金相場と総額目安, 3女性用風俗を東京で利用する流れ, 4東京で利用しやすいエリアと場所の選び方, 5初めての女性用風俗で多い不安と禁止事項, 6内勤が見た、初回利用で失敗しやすいポイント, 7東京で女性用風俗店を選ぶときのチェックポイント, 8よくある質問 Q&A, 9まとめ","Storyの内勤スタッフ, check_circle女性用風俗のサービス内容, check_circleホスト・レンタル彼氏・マッサージとの違い, check_circle東京では出張型サービスが中心, check_circle東京の女性用風俗の特徴, check_circle料金の内訳｜基本料金・指名料・交通費・ホテル代, check_circle90分・120分の総額シミュレーション, check_circle追加料金・延長料金で確認すべきこと, check_circle予約前に確認すること, check_circle待ち合わせからサービスまでの流れ, check_circle支払い・退室後の流れ, check_circleホテルと自宅の違い, check_circle初めて利用する人におすすめの場所, check_circle本番行為はできる？禁止事項と安全性, check_circle体型・年齢・既婚でも利用できる？, check_circle誰にも知られたくない人の身バレ対策, check_circle性病の心配は？ プロとしての徹底した「衛生管理」, check_circle会話・キャンセル・遅刻が不安な場合, check_circle失敗① 料金総額を確認しない, check_circle失敗② 写真だけでセラピストを選ぶ, check_circle失敗③ 不安を相談せずに当日を迎える, check_circle料金・規約・禁止事項が明記されているか, check_circle顔写真を加工しすぎていないか, check_circleSNSの更新頻度が自然か, check_circle受付対応が丁寧か, check_circle初心者が相談しやすいお店か, check_circleセラピスト情報や口コミだけに頼りすぎない, 東京の女性用風俗は初めてでも安全に利用できますか？, 女性用風俗で本番行為はできますか？, 東京で利用する場合、ホテル代は別ですか？, 自宅に呼ぶことはできますか？, 既婚者でも利用できますか？, セラピストはどう選べばいいですか？, 予約前に相談だけしてもいいですか？"
"予約方法 女風｜東京で初めてでも選ばれているStory東京本店","https://www.story-tokyo.com/book/","初めてでも安心して選べる、東京の女風 Story東京本店","","HOW TO BOOK予約方法, 全国女性用風俗「Story(ストーリー)」","予約方法のご案内BOOKING GUIDE, お店受付STORE RECEPTION, セラピスト受付THERAPIST RECEPTION, よくあるご質問FAQ","play_circle_filledLINE予約, play_circle_filled電話予約, play_circle_filledWEB予約, 予約方法, 初めてでも大丈夫ですか？, どの予約方法が一番いいですか？, セラピストに直接連絡してもいいですか？"
"キャンペーン 女風｜東京で初めてでも選ばれているStory東京本店","https://www.story-tokyo.com/event/","初めてでも安心して選べる、東京の女風 Story東京本店","","CAMPAIGNキャンペーン, 全国女性用風俗「Story(ストーリー)」","【9月】キャンペーン一覧, 【8月】キャンペーン一覧, 👑Storyデビューキャンペーン👑, 🔰代表が初めてをサポート🔰",""
"料金システム 女風｜東京で初めてでも選ばれているStory東京本店","https://www.story-tokyo.com/system/","初めてでも安心して選べる、東京の女風 Story東京本店","","SYSTEM料金システム, 全国女性用風俗「Story(ストーリー)」","基本プレイ(施術の流れ)BASIC PLAY, 通常料金REGULAR FEE, 裏Storyコース※性感特化（マッサージ無し）SECRET STORY COURSE, デートコースCOUPLE COURSE, カップルコースCOUPLE COURSE, 指名料NOMINATION FEE, 交通費TRANSPORTATION, 出張BUSINESS TRIP, 深夜料金LATE NIGHT CHARGE, オプションOPTION, 各種割引VARIOUS DISCOUNTS, キャンセルCANCEL, お支払方法PAYMENT METHOD, 当店ご利用のお客様への注意事項PRECAUTIONS","▼6項目詳細, 規約"
"WEB予約 女風｜東京で初めてでも選ばれているStory東京本店","https://www.story-tokyo.com/reserve/","初めてでも安心して選べる、東京の女風 Story東京本店","","RESERVATIONWEB予約, 全国女性用風俗「Story(ストーリー)」","ご予約の流れRESERVATION PROCESS, WEB予約フォームRESERVATION FORM","WEBフォーム送信, お店より確認のご連絡, ご予約確定, 当日ご案内, play_circle_filled当店を知ったきっかけ必須, play_circle_filledセラピストとの日程調整必須, play_circle_filledご利用日必須, play_circle_filled開始時間必須, play_circle_filledお名前(ひらがな)必須, play_circle_filled携帯電話番号必須, play_circle_filledメールアドレス必須, play_circle_filled新規or会員(2回目)必須, play_circle_filled初指名or本指名orフリー必須, play_circle_filledセラピスト必須, play_circle_filledご利用エリア(最寄駅)必須, play_circle_filled合流方法必須, play_circle_filled詳細な場所, play_circle_filledご希望のコース必須, play_circle_filledオプション, play_circle_filledお支払方法必須, play_circle_filledキャンペーン, play_circle_filled備考"
"料金シミュレーション 女風｜東京で初めてでも選ばれているStory東京本店","https://www.story-tokyo.com/simu/","初めてでも安心して選べる、東京の女風 Story東京本店","","SIMULATION料金シミュレーション, 合計: 0 円, 全国女性用風俗「Story(ストーリー)」","利用日時, コース構成, 指名タイプ, 交通費, オプション, 通常コース, 裏Storyコース, デートコース, カップルコース, 指名有無, ご利用エリア, 深夜利用（0時〜5時）, オプション",""
"セラピスト一覧 女風｜東京で初めてでも選ばれているStory東京本店","https://www.story-tokyo.com/therapist/","初めてでも安心して選べる、東京の女風 Story東京本店","","THERAPISTセラピスト一覧, 全国女性用風俗「Story(ストーリー)」","新人セラピスト",""
"ランキング 女風｜東京で初めてでも選ばれているStory東京本店","https://www.story-tokyo.com/ranking/","初めてでも安心して選べる、東京の女風 Story東京本店","","RANKINGランキング, 全国女性用風俗「Story(ストーリー)」","ポイントランキング, リピートランキング, 兼業ランキング, 新人ランキング",""
"出勤情報 女風｜東京で初めてでも選ばれているStory東京本店","https://www.story-tokyo.com/schedule/","初めてでも安心して選べる、東京の女風 Story東京本店","","SCHEDULE出勤情報, 全国女性用風俗「Story(ストーリー)」","",""
"口コミ 女風｜東京で初めてでも選ばれているStory東京本店","https://www.story-tokyo.com/review/","初めてでも安心して選べる、東京の女風 Story東京本店","","KUCHIKOMI口コミ, 全国女性用風俗「Story(ストーリー)」","口コミについてABOUT",""
"写メ日記 女風｜東京で初めてでも選ばれているStory東京本店","https://www.story-tokyo.com/diary/","初めてでも安心して選べる、東京の女風 Story東京本店","","DIARY写メ日記, 全国女性用風俗「Story(ストーリー)」","投稿セラピストCONTRIBUTORS",""
"求人情報 女風｜東京で初めてでも選ばれているStory東京本店","https://www.story-tokyo.com/recruit/","初めてでも安心して選べる、東京の女風 Story東京本店","","RECRUIT求人情報, 全国女性用風俗「Story(ストーリー)」","実績ACHIEVEMENTS, 講習内容TRAINING CONTENT, デビューまでの流れSTEPS TO YOUR DEBUT, 費用COST, 募集要項APPLICATION REQUIREMENTS, 応募方法HOW TO APPLY, Storyグループ代表からのコメントMESSAGE FROM THE REPRESENTATIVE","応募資格, 業種, 雇用形態, 勤務地, 勤務時間, 給与, 応募要項（コピーしてご利用ください）"
"キャンペーン 女風｜東京で初めてでも選ばれているStory東京本店","https://www.story-tokyo.com/event/event53/","初めてでも安心して選べる、東京の女風 Story東京本店","","CAMPAIGNキャンペーン, 全国女性用風俗「Story(ストーリー)」","【8月】キャンペーン一覧",""
"キャンペーン 女風｜東京で初めてでも選ばれているStory東京本店","https://www.story-tokyo.com/event/event49/","初めてでも安心して選べる、東京の女風 Story東京本店","","CAMPAIGNキャンペーン, 全国女性用風俗「Story(ストーリー)」","🔰代表が初めてをサポート🔰",""
"トピックス 女風｜東京で初めてでも選ばれているStory東京本店","https://www.story-tokyo.com/news/","初めてでも安心して選べる、東京の女風 Story東京本店","","TOPICSトピックス, 全国女性用風俗「Story(ストーリー)」","",""
"ゆうと 女風｜東京で初めてでも選ばれているStory東京本店","https://www.story-tokyo.com/prof/prof15/","初めてでも安心して選べる、東京の女風 Story東京本店","","PROFILEプロフィール, 全国女性用風俗「Story(ストーリー)」","ゆうと, セラピストコメントTHERAPIST COMMENTS, 口コミKUCHIKOMI",""
"たいし 女風｜東京で初めてでも選ばれているStory東京本店","https://www.story-tokyo.com/prof/prof48/","初めてでも安心して選べる、東京の女風 Story東京本店","","PROFILEプロフィール, 全国女性用風俗「Story(ストーリー)」","たいし, セラピストコメントTHERAPIST COMMENTS, 口コミKUCHIKOMI",""
"れい 女風｜東京で初めてでも選ばれているStory東京本店","https://www.story-tokyo.com/prof/prof39/","初めてでも安心して選べる、東京の女風 Story東京本店","","PROFILEプロフィール, 全国女性用風俗「Story(ストーリー)」","れい, セラピストコメントTHERAPIST COMMENTS, 口コミKUCHIKOMI",""
"みずき 女風｜東京で初めてでも選ばれているStory東京本店","https://www.story-tokyo.com/prof/prof19/","初めてでも安心して選べる、東京の女風 Story東京本店","","PROFILEプロフィール, 全国女性用風俗「Story(ストーリー)」","みずき, セラピストコメントTHERAPIST COMMENTS, 口コミKUCHIKOMI",""
"じゅん 女風｜東京で初めてでも選ばれているStory東京本店","https://www.story-tokyo.com/prof/prof26/","初めてでも安心して選べる、東京の女風 Story東京本店","","PROFILEプロフィール, 全国女性用風俗「Story(ストーリー)」","じゅん, セラピストコメントTHERAPIST COMMENTS, 口コミKUCHIKOMI",""
"ゆずる 女風｜東京で初めてでも選ばれているStory東京本店","https://www.story-tokyo.com/prof/prof21/","初めてでも安心して選べる、東京の女風 Story東京本店","","PROFILEプロフィール, 全国女性用風俗「Story(ストーリー)」","ゆずる, セラピストコメントTHERAPIST COMMENTS, 口コミKUCHIKOMI",""
"あやせ 女風｜東京で初めてでも選ばれているStory東京本店","https://www.story-tokyo.com/prof/prof27/","初めてでも安心して選べる、東京の女風 Story東京本店","","PROFILEプロフィール, 全国女性用風俗「Story(ストーリー)」","あやせ, セラピストコメントTHERAPIST COMMENTS, 口コミKUCHIKOMI",""
"みさと 女風｜東京で初めてでも選ばれているStory東京本店","https://www.story-tokyo.com/prof/prof55/","初めてでも安心して選べる、東京の女風 Story東京本店","","PROFILEプロフィール, 全国女性用風俗「Story(ストーリー)」","みさと, セラピストコメントTHERAPIST COMMENTS, 口コミKUCHIKOMI",""
"とき 女風｜東京で初めてでも選ばれているStory東京本店","https://www.story-tokyo.com/prof/prof38/","初めてでも安心して選べる、東京の女風 Story東京本店","","PROFILEプロフィール, 全国女性用風俗「Story(ストーリー)」","とき, セラピストコメントTHERAPIST COMMENTS, 口コミKUCHIKOMI",""
"たいが 女風｜東京で初めてでも選ばれているStory東京本店","https://www.story-tokyo.com/prof/prof40/","初めてでも安心して選べる、東京の女風 Story東京本店","","PROFILEプロフィール, 全国女性用風俗「Story(ストーリー)」","たいが, セラピストコメントTHERAPIST COMMENTS, 口コミKUCHIKOMI",""
"つばさ 女風｜東京で初めてでも選ばれているStory東京本店","https://www.story-tokyo.com/prof/prof35/","初めてでも安心して選べる、東京の女風 Story東京本店","","PROFILEプロフィール, 全国女性用風俗「Story(ストーリー)」","つばさ, セラピストコメントTHERAPIST COMMENTS, 口コミKUCHIKOMI",""
"やまと 女風｜東京で初めてでも選ばれているStory東京本店","https://www.story-tokyo.com/prof/prof25/","初めてでも安心して選べる、東京の女風 Story東京本店","","PROFILEプロフィール, 全国女性用風俗「Story(ストーリー)」","やまと, セラピストコメントTHERAPIST COMMENTS, 口コミKUCHIKOMI",""
"たける 女風｜東京で初めてでも選ばれているStory東京本店","https://www.story-tokyo.com/prof/prof7/","初めてでも安心して選べる、東京の女風 Story東京本店","","PROFILEプロフィール, 全国女性用風俗「Story(ストーリー)」","たける, セラピストコメントTHERAPIST COMMENTS, 口コミKUCHIKOMI",""
"りょう 女風｜東京で初めてでも選ばれているStory東京本店","https://www.story-tokyo.com/prof/prof53/","初めてでも安心して選べる、東京の女風 Story東京本店","","PROFILEプロフィール, 全国女性用風俗「Story(ストーリー)」","りょう, セラピストコメントTHERAPIST COMMENTS, 口コミKUCHIKOMI",""
"ゆう 女風｜東京で初めてでも選ばれているStory東京本店","https://www.story-tokyo.com/prof/prof61/","初めてでも安心して選べる、東京の女風 Story東京本店","","PROFILEプロフィール, 全国女性用風俗「Story(ストーリー)」","ゆう, セラピストコメントTHERAPIST COMMENTS, 口コミKUCHIKOMI",""
"かい 女風｜東京で初めてでも選ばれているStory東京本店","https://www.story-tokyo.com/prof/prof64/","初めてでも安心して選べる、東京の女風 Story東京本店","","PROFILEプロフィール, 全国女性用風俗「Story(ストーリー)」","かい, セラピストコメントTHERAPIST COMMENTS, 口コミKUCHIKOMI",""
"しょう 女風｜東京で初めてでも選ばれているStory東京本店","https://www.story-tokyo.com/prof/prof56/","初めてでも安心して選べる、東京の女風 Story東京本店","","PROFILEプロフィール, 全国女性用風俗「Story(ストーリー)」","しょう, セラピストコメントTHERAPIST COMMENTS, 口コミKUCHIKOMI",""
"もがみ 女風｜東京で初めてでも選ばれているStory東京本店","https://www.story-tokyo.com/prof/prof24/","初めてでも安心して選べる、東京の女風 Story東京本店","","PROFILEプロフィール, 全国女性用風俗「Story(ストーリー)」","もがみ, セラピストコメントTHERAPIST COMMENTS, 口コミKUCHIKOMI",""
"はると 女風｜東京で初めてでも選ばれているStory東京本店","https://www.story-tokyo.com/prof/prof57/","初めてでも安心して選べる、東京の女風 Story東京本店","","PROFILEプロフィール, 全国女性用風俗「Story(ストーリー)」","はると, セラピストコメントTHERAPIST COMMENTS, 口コミKUCHIKOMI",""
"ゆき 女風｜東京で初めてでも選ばれているStory東京本店","https://www.story-tokyo.com/prof/prof50/","初めてでも安心して選べる、東京の女風 Story東京本店","","PROFILEプロフィール, 全国女性用風俗「Story(ストーリー)」","ゆき, セラピストコメントTHERAPIST COMMENTS, 口コミKUCHIKOMI",""
"ひろ 女風｜東京で初めてでも選ばれているStory東京本店","https://www.story-tokyo.com/prof/prof30/","初めてでも安心して選べる、東京の女風 Story東京本店","","PROFILEプロフィール, 全国女性用風俗「Story(ストーリー)」","ひろ, セラピストコメントTHERAPIST COMMENTS, 口コミKUCHIKOMI",""
"ゆうた 女風｜東京で初めてでも選ばれているStory東京本店","https://www.story-tokyo.com/prof/prof58/","初めてでも安心して選べる、東京の女風 Story東京本店","","PROFILEプロフィール, 全国女性用風俗「Story(ストーリー)」","ゆうた, セラピストコメントTHERAPIST COMMENTS, 口コミKUCHIKOMI",""
"長月ちひろ 女風｜東京で初めてでも選ばれているStory東京本店","https://www.story-tokyo.com/prof/prof3/","初めてでも安心して選べる、東京の女風 Story東京本店","","PROFILEプロフィール, 全国女性用風俗「Story(ストーリー)」","長月ちひろ, セラピストコメントTHERAPIST COMMENTS, 口コミKUCHIKOMI",""
"せいや 女風｜東京で初めてでも選ばれているStory東京本店","https://www.story-tokyo.com/prof/prof66/","初めてでも安心して選べる、東京の女風 Story東京本店","","PROFILEプロフィール, 全国女性用風俗「Story(ストーリー)」","せいや, セラピストコメントTHERAPIST COMMENTS, 口コミKUCHIKOMI",""
"あれん 女風｜東京で初めてでも選ばれているStory東京本店","https://www.story-tokyo.com/prof/prof63/","初めてでも安心して選べる、東京の女風 Story東京本店","","PROFILEプロフィール, 全国女性用風俗「Story(ストーリー)」","あれん, セラピストコメントTHERAPIST COMMENTS, 口コミKUCHIKOMI",""
"るか 女風｜東京で初めてでも選ばれているStory東京本店","https://www.story-tokyo.com/prof/prof59/","初めてでも安心して選べる、東京の女風 Story東京本店","","PROFILEプロフィール, 全国女性用風俗「Story(ストーリー)」","るか, セラピストコメントTHERAPIST COMMENTS, 口コミKUCHIKOMI",""
"ちはや 女風｜東京で初めてでも選ばれているStory東京本店","https://www.story-tokyo.com/prof/prof60/","初めてでも安心して選べる、東京の女風 Story東京本店","","PROFILEプロフィール, 全国女性用風俗「Story(ストーリー)」","ちはや, セラピストコメントTHERAPIST COMMENTS, 口コミKUCHIKOMI",""
"みなと 女風｜東京で初めてでも選ばれているStory東京本店","https://www.story-tokyo.com/prof/prof54/","初めてでも安心して選べる、東京の女風 Story東京本店","","PROFILEプロフィール, 全国女性用風俗「Story(ストーリー)」","みなと, セラピストコメントTHERAPIST COMMENTS, 口コミKUCHIKOMI",""
"じゅり 女風｜東京で初めてでも選ばれているStory東京本店","https://www.story-tokyo.com/prof/prof42/","初めてでも安心して選べる、東京の女風 Story東京本店","","PROFILEプロフィール, 全国女性用風俗「Story(ストーリー)」","じゅり, セラピストコメントTHERAPIST COMMENTS, 口コミKUCHIKOMI",""
"なぎ 女風｜東京で初めてでも選ばれているStory東京本店","https://www.story-tokyo.com/prof/prof17/","初めてでも安心して選べる、東京の女風 Story東京本店","","PROFILEプロフィール, 全国女性用風俗「Story(ストーリー)」","なぎ, セラピストコメントTHERAPIST COMMENTS, 口コミKUCHIKOMI",""
"なつき 女風｜東京で初めてでも選ばれているStory東京本店","https://www.story-tokyo.com/prof/prof34/","初めてでも安心して選べる、東京の女風 Story東京本店","","PROFILEプロフィール, 全国女性用風俗「Story(ストーリー)」","なつき, セラピストコメントTHERAPIST COMMENTS, 口コミKUCHIKOMI",""
"永茉（とうま） 女風｜東京で初めてでも選ばれているStory東京本店","https://www.story-tokyo.com/prof/prof49/","初めてでも安心して選べる、東京の女風 Story東京本店","","PROFILEプロフィール, 全国女性用風俗「Story(ストーリー)」","永茉（とうま）, セラピストコメントTHERAPIST COMMENTS, 口コミKUCHIKOMI",""
"さく 女風｜東京で初めてでも選ばれているStory東京本店","https://www.story-tokyo.com/prof/prof2/","初めてでも安心して選べる、東京の女風 Story東京本店","","PROFILEプロフィール, 全国女性用風俗「Story(ストーリー)」","さく, セラピストコメントTHERAPIST COMMENTS, 口コミKUCHIKOMI",""
"うさ 女風｜東京で初めてでも選ばれているStory東京本店","https://www.story-tokyo.com/prof/prof1/","初めてでも安心して選べる、東京の女風 Story東京本店","","PROFILEプロフィール, 全国女性用風俗「Story(ストーリー)」","うさ, セラピストコメントTHERAPIST COMMENTS, 口コミKUCHIKOMI",""
"じん 女風｜東京で初めてでも選ばれているStory東京本店","https://www.story-tokyo.com/prof/prof14/","初めてでも安心して選べる、東京の女風 Story東京本店","","PROFILEプロフィール, 全国女性用風俗「Story(ストーリー)」","じん, セラピストコメントTHERAPIST COMMENTS, 口コミKUCHIKOMI",""
"裏コンセプト 女風｜東京で初めてでも選ばれているStory東京本店","https://www.story-tokyo.com/concept/","初めてでも安心して選べる、東京の女風 Story東京本店","","CONCEPT裏コンセプト, 全国女性用風俗「Story(ストーリー)」","Storyは「性感マッサージ」に特化したお店です, 性感特化店構築への具体的な実施内容, これらを実施し高い水準での技術を提供していきます, こんなお悩みありませんか？","デビュー前, 週1実施, 毎月実施, 隔月実施, 不定期開催, その他"
"キャンペーン 女風｜東京で初めてでも選ばれているStory東京本店","https://www.story-tokyo.com/event/event52/","初めてでも安心して選べる、東京の女風 Story東京本店","","CAMPAIGNキャンペーン, 全国女性用風俗「Story(ストーリー)」","👑Storyデビューキャンペーン👑",""
"はやて 女風｜東京で初めてでも選ばれているStory東京本店","https://www.story-tokyo.com/prof/prof45/","初めてでも安心して選べる、東京の女風 Story東京本店","","PROFILEプロフィール, 全国女性用風俗「Story(ストーリー)」","はやて, セラピストコメントTHERAPIST COMMENTS, 口コミKUCHIKOMI",""
"まさや 女風｜東京で初めてでも選ばれているStory東京本店","https://www.story-tokyo.com/prof/prof32/","初めてでも安心して選べる、東京の女風 Story東京本店","","PROFILEプロフィール, 全国女性用風俗「Story(ストーリー)」","まさや, セラピストコメントTHERAPIST COMMENTS, 口コミKUCHIKOMI",""
"くろき 女風｜東京で初めてでも選ばれているStory東京本店","https://www.story-tokyo.com/prof/prof13/","初めてでも安心して選べる、東京の女風 Story東京本店","","PROFILEプロフィール, 全国女性用風俗「Story(ストーリー)」","くろき, セラピストコメントTHERAPIST COMMENTS, 口コミKUCHIKOMI",""
"おと 女風｜東京で初めてでも選ばれているStory東京本店","https://www.story-tokyo.com/prof/prof36/","初めてでも安心して選べる、東京の女風 Story東京本店","","PROFILEプロフィール, 全国女性用風俗「Story(ストーリー)」","おと, セラピストコメントTHERAPIST COMMENTS, 口コミKUCHIKOMI",""
"たく 女風｜東京で初めてでも選ばれているStory東京本店","https://www.story-tokyo.com/prof/prof31/","初めてでも安心して選べる、東京の女風 Story東京本店","","PROFILEプロフィール, 全国女性用風俗「Story(ストーリー)」","たく, セラピストコメントTHERAPIST COMMENTS, 口コミKUCHIKOMI",""
"こう 女風｜東京で初めてでも選ばれているStory東京本店","https://www.story-tokyo.com/prof/prof37/","初めてでも安心して選べる、東京の女風 Story東京本店","","PROFILEプロフィール, 全国女性用風俗「Story(ストーリー)」","こう, セラピストコメントTHERAPIST COMMENTS, 口コミKUCHIKOMI",""
"しき 女風｜東京で初めてでも選ばれているStory東京本店","https://www.story-tokyo.com/prof/prof41/","初めてでも安心して選べる、東京の女風 Story東京本店","","PROFILEプロフィール, 全国女性用風俗「Story(ストーリー)」","しき, セラピストコメントTHERAPIST COMMENTS, 口コミKUCHIKOMI",""
"まさと 女風｜東京で初めてでも選ばれているStory東京本店","https://www.story-tokyo.com/prof/prof44/","初めてでも安心して選べる、東京の女風 Story東京本店","","PROFILEプロフィール, 全国女性用風俗「Story(ストーリー)」","まさと, セラピストコメントTHERAPIST COMMENTS, 口コミKUCHIKOMI",""
"なお 女風｜東京で初めてでも選ばれているStory東京本店","https://www.story-tokyo.com/prof/prof29/","初めてでも安心して選べる、東京の女風 Story東京本店","","PROFILEプロフィール, 全国女性用風俗「Story(ストーリー)」","なお, セラピストコメントTHERAPIST COMMENTS, 口コミKUCHIKOMI",""
"あお 女風｜東京で初めてでも選ばれているStory東京本店","https://www.story-tokyo.com/prof/prof28/","初めてでも安心して選べる、東京の女風 Story東京本店","","PROFILEプロフィール, 全国女性用風俗「Story(ストーリー)」","あお, セラピストコメントTHERAPIST COMMENTS, 口コミKUCHIKOMI",""
"かいと 女風｜東京で初めてでも選ばれているStory東京本店","https://www.story-tokyo.com/prof/prof16/","初めてでも安心して選べる、東京の女風 Story東京本店","","PROFILEプロフィール, 全国女性用風俗「Story(ストーリー)」","かいと, セラピストコメントTHERAPIST COMMENTS, 口コミKUCHIKOMI",""
"えいと 女風｜東京で初めてでも選ばれているStory東京本店","https://www.story-tokyo.com/prof/prof6/","初めてでも安心して選べる、東京の女風 Story東京本店","","PROFILEプロフィール, 全国女性用風俗「Story(ストーリー)」","えいと, セラピストコメントTHERAPIST COMMENTS, 口コミKUCHIKOMI",""
"みこと 女風｜東京で初めてでも選ばれているStory東京本店","https://www.story-tokyo.com/prof/prof65/","初めてでも安心して選べる、東京の女風 Story東京本店","","PROFILEプロフィール, 全国女性用風俗「Story(ストーリー)」","みこと, セラピストコメントTHERAPIST COMMENTS, 口コミKUCHIKOMI",""
"まもる 女風｜東京で初めてでも選ばれているStory東京本店","https://www.story-tokyo.com/prof/prof51/","初めてでも安心して選べる、東京の女風 Story東京本店","","PROFILEプロフィール, 全国女性用風俗「Story(ストーリー)」","まもる, セラピストコメントTHERAPIST COMMENTS, 口コミKUCHIKOMI",""
"口コミ投稿 女風｜東京で初めてでも選ばれているStory東京本店","https://www.story-tokyo.com/reviewform/","初めてでも安心して選べる、東京の女風 Story東京本店","","KUCHIKOMI口コミ投稿, 全国女性用風俗「Story(ストーリー)」","","play_circle_filled投稿者名必須, play_circle_filledご利用日必須, play_circle_filled投稿するセラピスト必須, play_circle_filled星評価必須, play_circle_filledコメント必須"
"口コミ 女風｜東京で初めてでも選ばれているStory東京本店","https://www.story-tokyo.com/review/2/","初めてでも安心して選べる、東京の女風 Story東京本店","","KUCHIKOMI口コミ, 全国女性用風俗「Story(ストーリー)」","口コミについてABOUT",""
"口コミ 女風｜東京で初めてでも選ばれているStory東京本店","https://www.story-tokyo.com/review/3/","初めてでも安心して選べる、東京の女風 Story東京本店","","KUCHIKOMI口コミ, 全国女性用風俗「Story(ストーリー)」","口コミについてABOUT",""
"口コミ 女風｜東京で初めてでも選ばれているStory東京本店","https://www.story-tokyo.com/review/4/","初めてでも安心して選べる、東京の女風 Story東京本店","","KUCHIKOMI口コミ, 全国女性用風俗「Story(ストーリー)」","口コミについてABOUT",""
"口コミ 女風｜東京で初めてでも選ばれているStory東京本店","https://www.story-tokyo.com/review/5/","初めてでも安心して選べる、東京の女風 Story東京本店","","KUCHIKOMI口コミ, 全国女性用風俗「Story(ストーリー)」","口コミについてABOUT",""
"写メ日記 女風｜東京で初めてでも選ばれているStory東京本店","https://www.story-tokyo.com/diary/2/","初めてでも安心して選べる、東京の女風 Story東京本店","","DIARY写メ日記, 全国女性用風俗「Story(ストーリー)」","投稿セラピストCONTRIBUTORS",""
"写メ日記 女風｜東京で初めてでも選ばれているStory東京本店","https://www.story-tokyo.com/diary/3/","初めてでも安心して選べる、東京の女風 Story東京本店","","DIARY写メ日記, 全国女性用風俗「Story(ストーリー)」","投稿セラピストCONTRIBUTORS",""
"写メ日記 女風｜東京で初めてでも選ばれているStory東京本店","https://www.story-tokyo.com/diary/4/","初めてでも安心して選べる、東京の女風 Story東京本店","","DIARY写メ日記, 全国女性用風俗「Story(ストーリー)」","投稿セラピストCONTRIBUTORS",""
"写メ日記 女風｜東京で初めてでも選ばれているStory東京本店","https://www.story-tokyo.com/diary/5/","初めてでも安心して選べる、東京の女風 Story東京本店","","DIARY写メ日記, 全国女性用風俗「Story(ストーリー)」","投稿セラピストCONTRIBUTORS",""
"写メ日記 女風｜東京で初めてでも選ばれているStory東京本店","https://www.story-tokyo.com/diary/prof15/","初めてでも安心して選べる、東京の女風 Story東京本店","","DIARY写メ日記, 全国女性用風俗「Story(ストーリー)」","投稿セラピストCONTRIBUTORS",""
"写メ日記 女風｜東京で初めてでも選ばれているStory東京本店","https://www.story-tokyo.com/diary/prof66/","初めてでも安心して選べる、東京の女風 Story東京本店","","DIARY写メ日記, 全国女性用風俗「Story(ストーリー)」","投稿セラピストCONTRIBUTORS",""
"写メ日記 女風｜東京で初めてでも選ばれているStory東京本店","https://www.story-tokyo.com/diary/prof2/","初めてでも安心して選べる、東京の女風 Story東京本店","","DIARY写メ日記, 全国女性用風俗「Story(ストーリー)」","投稿セラピストCONTRIBUTORS",""
"写メ日記 女風｜東京で初めてでも選ばれているStory東京本店","https://www.story-tokyo.com/diary/prof64/","初めてでも安心して選べる、東京の女風 Story東京本店","","DIARY写メ日記, 全国女性用風俗「Story(ストーリー)」","投稿セラピストCONTRIBUTORS",""
"写メ日記 女風｜東京で初めてでも選ばれているStory東京本店","https://www.story-tokyo.com/diary/prof61/","初めてでも安心して選べる、東京の女風 Story東京本店","","DIARY写メ日記, 全国女性用風俗「Story(ストーリー)」","投稿セラピストCONTRIBUTORS",""
"写メ日記 女風｜東京で初めてでも選ばれているStory東京本店","https://www.story-tokyo.com/diary/prof63/","初めてでも安心して選べる、東京の女風 Story東京本店","","DIARY写メ日記, 全国女性用風俗「Story(ストーリー)」","投稿セラピストCONTRIBUTORS",""
"写メ日記 女風｜東京で初めてでも選ばれているStory東京本店","https://www.story-tokyo.com/diary/prof56/","初めてでも安心して選べる、東京の女風 Story東京本店","","DIARY写メ日記, 全国女性用風俗「Story(ストーリー)」","投稿セラピストCONTRIBUTORS",""
"写メ日記 女風｜東京で初めてでも選ばれているStory東京本店","https://www.story-tokyo.com/diary/prof59/","初めてでも安心して選べる、東京の女風 Story東京本店","","DIARY写メ日記, 全国女性用風俗「Story(ストーリー)」","投稿セラピストCONTRIBUTORS",""
"写メ日記 女風｜東京で初めてでも選ばれているStory東京本店","https://www.story-tokyo.com/diary/prof60/","初めてでも安心して選べる、東京の女風 Story東京本店","","DIARY写メ日記, 全国女性用風俗「Story(ストーリー)」","投稿セラピストCONTRIBUTORS",""
"写メ日記 女風｜東京で初めてでも選ばれているStory東京本店","https://www.story-tokyo.com/diary/prof54/","初めてでも安心して選べる、東京の女風 Story東京本店","","DIARY写メ日記, 全国女性用風俗「Story(ストーリー)」","投稿セラピストCONTRIBUTORS",""
"写メ日記 女風｜東京で初めてでも選ばれているStory東京本店","https://www.story-tokyo.com/diary/prof58/","初めてでも安心して選べる、東京の女風 Story東京本店","","DIARY写メ日記, 全国女性用風俗「Story(ストーリー)」","投稿セラピストCONTRIBUTORS",""
"写メ日記 女風｜東京で初めてでも選ばれているStory東京本店","https://www.story-tokyo.com/diary/prof57/","初めてでも安心して選べる、東京の女風 Story東京本店","","DIARY写メ日記, 全国女性用風俗「Story(ストーリー)」","投稿セラピストCONTRIBUTORS",""
"写メ日記 女風｜東京で初めてでも選ばれているStory東京本店","https://www.story-tokyo.com/diary/prof55/","初めてでも安心して選べる、東京の女風 Story東京本店","","DIARY写メ日記, 全国女性用風俗「Story(ストーリー)」","投稿セラピストCONTRIBUTORS",""
"写メ日記 女風｜東京で初めてでも選ばれているStory東京本店","https://www.story-tokyo.com/diary/prof51/","初めてでも安心して選べる、東京の女風 Story東京本店","","DIARY写メ日記, 全国女性用風俗「Story(ストーリー)」","投稿セラピストCONTRIBUTORS",""
"写メ日記 女風｜東京で初めてでも選ばれているStory東京本店","https://www.story-tokyo.com/diary/prof53/","初めてでも安心して選べる、東京の女風 Story東京本店","","DIARY写メ日記, 全国女性用風俗「Story(ストーリー)」","投稿セラピストCONTRIBUTORS",""
"写メ日記 女風｜東京で初めてでも選ばれているStory東京本店","https://www.story-tokyo.com/diary/prof50/","初めてでも安心して選べる、東京の女風 Story東京本店","","DIARY写メ日記, 全国女性用風俗「Story(ストーリー)」","投稿セラピストCONTRIBUTORS",""
"写メ日記 女風｜東京で初めてでも選ばれているStory東京本店","https://www.story-tokyo.com/diary/prof45/","初めてでも安心して選べる、東京の女風 Story東京本店","","DIARY写メ日記, 全国女性用風俗「Story(ストーリー)」","投稿セラピストCONTRIBUTORS",""
"写メ日記 女風｜東京で初めてでも選ばれているStory東京本店","https://www.story-tokyo.com/diary/prof48/","初めてでも安心して選べる、東京の女風 Story東京本店","","DIARY写メ日記, 全国女性用風俗「Story(ストーリー)」","投稿セラピストCONTRIBUTORS",""
"写メ日記 女風｜東京で初めてでも選ばれているStory東京本店","https://www.story-tokyo.com/diary/prof42/","初めてでも安心して選べる、東京の女風 Story東京本店","","DIARY写メ日記, 全国女性用風俗「Story(ストーリー)」","投稿セラピストCONTRIBUTORS",""
"写メ日記 女風｜東京で初めてでも選ばれているStory東京本店","https://www.story-tokyo.com/diary/prof39/","初めてでも安心して選べる、東京の女風 Story東京本店","","DIARY写メ日記, 全国女性用風俗「Story(ストーリー)」","投稿セラピストCONTRIBUTORS",""
"写メ日記 女風｜東京で初めてでも選ばれているStory東京本店","https://www.story-tokyo.com/diary/prof38/","初めてでも安心して選べる、東京の女風 Story東京本店","","DIARY写メ日記, 全国女性用風俗「Story(ストーリー)」","投稿セラピストCONTRIBUTORS",""
"写メ日記 女風｜東京で初めてでも選ばれているStory東京本店","https://www.story-tokyo.com/diary/prof40/","初めてでも安心して選べる、東京の女風 Story東京本店","","DIARY写メ日記, 全国女性用風俗「Story(ストーリー)」","投稿セラピストCONTRIBUTORS",""
"写メ日記 女風｜東京で初めてでも選ばれているStory東京本店","https://www.story-tokyo.com/diary/prof35/","初めてでも安心して選べる、東京の女風 Story東京本店","","DIARY写メ日記, 全国女性用風俗「Story(ストーリー)」","投稿セラピストCONTRIBUTORS",""
"写メ日記 女風｜東京で初めてでも選ばれているStory東京本店","https://www.story-tokyo.com/diary/prof32/","初めてでも安心して選べる、東京の女風 Story東京本店","","DIARY写メ日記, 全国女性用風俗「Story(ストーリー)」","投稿セラピストCONTRIBUTORS",""
"写メ日記 女風｜東京で初めてでも選ばれているStory東京本店","https://www.story-tokyo.com/diary/prof25/","初めてでも安心して選べる、東京の女風 Story東京本店","","DIARY写メ日記, 全国女性用風俗「Story(ストーリー)」","投稿セラピストCONTRIBUTORS",""
"写メ日記 女風｜東京で初めてでも選ばれているStory東京本店","https://www.story-tokyo.com/diary/prof30/","初めてでも安心して選べる、東京の女風 Story東京本店","","DIARY写メ日記, 全国女性用風俗「Story(ストーリー)」","投稿セラピストCONTRIBUTORS",""
"写メ日記 女風｜東京で初めてでも選ばれているStory東京本店","https://www.story-tokyo.com/diary/prof24/","初めてでも安心して選べる、東京の女風 Story東京本店","","DIARY写メ日記, 全国女性用風俗「Story(ストーリー)」","投稿セラピストCONTRIBUTORS",""
"写メ日記 女風｜東京で初めてでも選ばれているStory東京本店","https://www.story-tokyo.com/diary/prof19/","初めてでも安心して選べる、東京の女風 Story東京本店","","DIARY写メ日記, 全国女性用風俗「Story(ストーリー)」","投稿セラピストCONTRIBUTORS",""
"写メ日記 女風｜東京で初めてでも選ばれているStory東京本店","https://www.story-tokyo.com/diary/prof27/","初めてでも安心して選べる、東京の女風 Story東京本店","","DIARY写メ日記, 全国女性用風俗「Story(ストーリー)」","投稿セラピストCONTRIBUTORS",""
"写メ日記 女風｜東京で初めてでも選ばれているStory東京本店","https://www.story-tokyo.com/diary/prof1/","初めてでも安心して選べる、東京の女風 Story東京本店","","DIARY写メ日記, 全国女性用風俗「Story(ストーリー)」","投稿セラピストCONTRIBUTORS",""
"写メ日記 女風｜東京で初めてでも選ばれているStory東京本店","https://www.story-tokyo.com/diary/prof13/","初めてでも安心して選べる、東京の女風 Story東京本店","","DIARY写メ日記, 全国女性用風俗「Story(ストーリー)」","投稿セラピストCONTRIBUTORS",""
"写メ日記 女風｜東京で初めてでも選ばれているStory東京本店","https://www.story-tokyo.com/diary/prof17/","初めてでも安心して選べる、東京の女風 Story東京本店","","DIARY写メ日記, 全国女性用風俗「Story(ストーリー)」","投稿セラピストCONTRIBUTORS",""
"写メ日記 女風｜東京で初めてでも選ばれているStory東京本店","https://www.story-tokyo.com/diary/prof14/","初めてでも安心して選べる、東京の女風 Story東京本店","","DIARY写メ日記, 全国女性用風俗「Story(ストーリー)」","投稿セラピストCONTRIBUTORS",""
"写メ日記 女風｜東京で初めてでも選ばれているStory東京本店","https://www.story-tokyo.com/diary/prof7/","初めてでも安心して選べる、東京の女風 Story東京本店","","DIARY写メ日記, 全国女性用風俗「Story(ストーリー)」","投稿セラピストCONTRIBUTORS",""
"写メ日記 女風｜東京で初めてでも選ばれているStory東京本店","https://www.story-tokyo.com/diary/prof26/","初めてでも安心して選べる、東京の女風 Story東京本店","","DIARY写メ日記, 全国女性用風俗「Story(ストーリー)」","投稿セラピストCONTRIBUTORS",""
"写メ日記 女風｜東京で初めてでも選ばれているStory東京本店","https://www.story-tokyo.com/diary/prof36/","初めてでも安心して選べる、東京の女風 Story東京本店","","DIARY写メ日記, 全国女性用風俗「Story(ストーリー)」","投稿セラピストCONTRIBUTORS",""
"写メ日記 女風｜東京で初めてでも選ばれているStory東京本店","https://www.story-tokyo.com/diary/prof34/","初めてでも安心して選べる、東京の女風 Story東京本店","","DIARY写メ日記, 全国女性用風俗「Story(ストーリー)」","投稿セラピストCONTRIBUTORS",""
"写メ日記 女風｜東京で初めてでも選ばれているStory東京本店","https://www.story-tokyo.com/diary/prof21/","初めてでも安心して選べる、東京の女風 Story東京本店","","DIARY写メ日記, 全国女性用風俗「Story(ストーリー)」","投稿セラピストCONTRIBUTORS",""
"写メ日記 女風｜東京で初めてでも選ばれているStory東京本店","https://www.story-tokyo.com/diary/prof37/","初めてでも安心して選べる、東京の女風 Story東京本店","","DIARY写メ日記, 全国女性用風俗「Story(ストーリー)」","投稿セラピストCONTRIBUTORS",""
"写メ日記 女風｜東京で初めてでも選ばれているStory東京本店","https://www.story-tokyo.com/diary/prof44/","初めてでも安心して選べる、東京の女風 Story東京本店","","DIARY写メ日記, 全国女性用風俗「Story(ストーリー)」","投稿セラピストCONTRIBUTORS",""
"トピックス 女風｜東京で初めてでも選ばれているStory東京本店","https://www.story-tokyo.com/news/2/","初めてでも安心して選べる、東京の女風 Story東京本店","","TOPICSトピックス, 全国女性用風俗「Story(ストーリー)」","",""
"トピックス 女風｜東京で初めてでも選ばれているStory東京本店","https://www.story-tokyo.com/news/3/","初めてでも安心して選べる、東京の女風 Story東京本店","","TOPICSトピックス, 全国女性用風俗「Story(ストーリー)」","",""
"ログイン・会員登録 女風｜東京で初めてでも選ばれているStory東京本店","https://www.story-tokyo.com/mr/","女風｜東京で初めてでも選ばれているStory東京本店","","lockログイン, 女風｜東京で初めてでも選ばれているStory東京本店","",""
"口コミ 女風｜東京で初めてでも選ばれているStory東京本店","https://www.story-tokyo.com/review/1/","初めてでも安心して選べる、東京の女風 Story東京本店","","KUCHIKOMI口コミ, 全国女性用風俗「Story(ストーリー)」","口コミについてABOUT",""
"口コミ 女風｜東京で初めてでも選ばれているStory東京本店","https://www.story-tokyo.com/review/6/","初めてでも安心して選べる、東京の女風 Story東京本店","","KUCHIKOMI口コミ, 全国女性用風俗「Story(ストーリー)」","口コミについてABOUT",""
"口コミ 女風｜東京で初めてでも選ばれているStory東京本店","https://www.story-tokyo.com/review/7/","初めてでも安心して選べる、東京の女風 Story東京本店","","KUCHIKOMI口コミ, 全国女性用風俗「Story(ストーリー)」","口コミについてABOUT",""
"写メ日記 女風｜東京で初めてでも選ばれているStory東京本店","https://www.story-tokyo.com/diary/1/","初めてでも安心して選べる、東京の女風 Story東京本店","","DIARY写メ日記, 全国女性用風俗「Story(ストーリー)」","投稿セラピストCONTRIBUTORS",""
"写メ日記 女風｜東京で初めてでも選ばれているStory東京本店","https://www.story-tokyo.com/diary/6/","初めてでも安心して選べる、東京の女風 Story東京本店","","DIARY写メ日記, 全国女性用風俗「Story(ストーリー)」","投稿セラピストCONTRIBUTORS",""
"写メ日記 女風｜東京で初めてでも選ばれているStory東京本店","https://www.story-tokyo.com/diary/7/","初めてでも安心して選べる、東京の女風 Story東京本店","","DIARY写メ日記, 全国女性用風俗「Story(ストーリー)」","投稿セラピストCONTRIBUTORS",""
"写メ日記 女風｜東京で初めてでも選ばれているStory東京本店","https://www.story-tokyo.com/diary/prof15/2/","初めてでも安心して選べる、東京の女風 Story東京本店","","DIARY写メ日記, 全国女性用風俗「Story(ストーリー)」","投稿セラピストCONTRIBUTORS",""
"写メ日記 女風｜東京で初めてでも選ばれているStory東京本店","https://www.story-tokyo.com/diary/prof15/3/","初めてでも安心して選べる、東京の女風 Story東京本店","","DIARY写メ日記, 全国女性用風俗「Story(ストーリー)」","投稿セラピストCONTRIBUTORS",""
"写メ日記 女風｜東京で初めてでも選ばれているStory東京本店","https://www.story-tokyo.com/diary/prof61/2/","初めてでも安心して選べる、東京の女風 Story東京本店","","DIARY写メ日記, 全国女性用風俗「Story(ストーリー)」","投稿セラピストCONTRIBUTORS",""
"写メ日記 女風｜東京で初めてでも選ばれているStory東京本店","https://www.story-tokyo.com/diary/prof56/2/","初めてでも安心して選べる、東京の女風 Story東京本店","","DIARY写メ日記, 全国女性用風俗「Story(ストーリー)」","投稿セラピストCONTRIBUTORS",""
"写メ日記 女風｜東京で初めてでも選ばれているStory東京本店","https://www.story-tokyo.com/diary/prof56/3/","初めてでも安心して選べる、東京の女風 Story東京本店","","DIARY写メ日記, 全国女性用風俗「Story(ストーリー)」","投稿セラピストCONTRIBUTORS",""
"写メ日記 女風｜東京で初めてでも選ばれているStory東京本店","https://www.story-tokyo.com/diary/prof59/2/","初めてでも安心して選べる、東京の女風 Story東京本店","","DIARY写メ日記, 全国女性用風俗「Story(ストーリー)」","投稿セラピストCONTRIBUTORS",""
"写メ日記 女風｜東京で初めてでも選ばれているStory東京本店","https://www.story-tokyo.com/diary/prof54/2/","初めてでも安心して選べる、東京の女風 Story東京本店","","DIARY写メ日記, 全国女性用風俗「Story(ストーリー)」","投稿セラピストCONTRIBUTORS",""
"写メ日記 女風｜東京で初めてでも選ばれているStory東京本店","https://www.story-tokyo.com/diary/prof57/2/","初めてでも安心して選べる、東京の女風 Story東京本店","","DIARY写メ日記, 全国女性用風俗「Story(ストーリー)」","投稿セラピストCONTRIBUTORS",""
"写メ日記 女風｜東京で初めてでも選ばれているStory東京本店","https://www.story-tokyo.com/diary/prof53/3/","初めてでも安心して選べる、東京の女風 Story東京本店","","DIARY写メ日記, 全国女性用風俗「Story(ストーリー)」","投稿セラピストCONTRIBUTORS",""
"写メ日記 女風｜東京で初めてでも選ばれているStory東京本店","https://www.story-tokyo.com/diary/prof53/2/","初めてでも安心して選べる、東京の女風 Story東京本店","","DIARY写メ日記, 全国女性用風俗「Story(ストーリー)」","投稿セラピストCONTRIBUTORS",""
"写メ日記 女風｜東京で初めてでも選ばれているStory東京本店","https://www.story-tokyo.com/diary/prof50/2/","初めてでも安心して選べる、東京の女風 Story東京本店","","DIARY写メ日記, 全国女性用風俗「Story(ストーリー)」","投稿セラピストCONTRIBUTORS",""
"写メ日記 女風｜東京で初めてでも選ばれているStory東京本店","https://www.story-tokyo.com/diary/prof50/4/","初めてでも安心して選べる、東京の女風 Story東京本店","","DIARY写メ日記, 全国女性用風俗「Story(ストーリー)」","投稿セラピストCONTRIBUTORS",""
"写メ日記 女風｜東京で初めてでも選ばれているStory東京本店","https://www.story-tokyo.com/diary/prof50/3/","初めてでも安心して選べる、東京の女風 Story東京本店","","DIARY写メ日記, 全国女性用風俗「Story(ストーリー)」","投稿セラピストCONTRIBUTORS",""
"写メ日記 女風｜東京で初めてでも選ばれているStory東京本店","https://www.story-tokyo.com/diary/prof45/2/","初めてでも安心して選べる、東京の女風 Story東京本店","","DIARY写メ日記, 全国女性用風俗「Story(ストーリー)」","投稿セラピストCONTRIBUTORS",""
"写メ日記 女風｜東京で初めてでも選ばれているStory東京本店","https://www.story-tokyo.com/diary/prof45/4/","初めてでも安心して選べる、東京の女風 Story東京本店","","DIARY写メ日記, 全国女性用風俗「Story(ストーリー)」","投稿セラピストCONTRIBUTORS",""
"写メ日記 女風｜東京で初めてでも選ばれているStory東京本店","https://www.story-tokyo.com/diary/prof45/3/","初めてでも安心して選べる、東京の女風 Story東京本店","","DIARY写メ日記, 全国女性用風俗「Story(ストーリー)」","投稿セラピストCONTRIBUTORS",""
"写メ日記 女風｜東京で初めてでも選ばれているStory東京本店","https://www.story-tokyo.com/diary/prof48/2/","初めてでも安心して選べる、東京の女風 Story東京本店","","DIARY写メ日記, 全国女性用風俗「Story(ストーリー)」","投稿セラピストCONTRIBUTORS",""
"写メ日記 女風｜東京で初めてでも選ばれているStory東京本店","https://www.story-tokyo.com/diary/prof48/3/","初めてでも安心して選べる、東京の女風 Story東京本店","","DIARY写メ日記, 全国女性用風俗「Story(ストーリー)」","投稿セラピストCONTRIBUTORS",""
"写メ日記 女風｜東京で初めてでも選ばれているStory東京本店","https://www.story-tokyo.com/diary/prof48/4/","初めてでも安心して選べる、東京の女風 Story東京本店","","DIARY写メ日記, 全国女性用風俗「Story(ストーリー)」","投稿セラピストCONTRIBUTORS",""
"写メ日記 女風｜東京で初めてでも選ばれているStory東京本店","https://www.story-tokyo.com/diary/prof48/5/","初めてでも安心して選べる、東京の女風 Story東京本店","","DIARY写メ日記, 全国女性用風俗「Story(ストーリー)」","投稿セラピストCONTRIBUTORS",""
"写メ日記 女風｜東京で初めてでも選ばれているStory東京本店","https://www.story-tokyo.com/diary/prof42/2/","初めてでも安心して選べる、東京の女風 Story東京本店","","DIARY写メ日記, 全国女性用風俗「Story(ストーリー)」","投稿セラピストCONTRIBUTORS",""
"写メ日記 女風｜東京で初めてでも選ばれているStory東京本店","https://www.story-tokyo.com/diary/prof39/2/","初めてでも安心して選べる、東京の女風 Story東京本店","","DIARY写メ日記, 全国女性用風俗「Story(ストーリー)」","投稿セラピストCONTRIBUTORS",""
"写メ日記 女風｜東京で初めてでも選ばれているStory東京本店","https://www.story-tokyo.com/diary/prof39/3/","初めてでも安心して選べる、東京の女風 Story東京本店","","DIARY写メ日記, 全国女性用風俗「Story(ストーリー)」","投稿セラピストCONTRIBUTORS",""
"写メ日記 女風｜東京で初めてでも選ばれているStory東京本店","https://www.story-tokyo.com/diary/prof38/2/","初めてでも安心して選べる、東京の女風 Story東京本店","","DIARY写メ日記, 全国女性用風俗「Story(ストーリー)」","投稿セラピストCONTRIBUTORS",""
"写メ日記 女風｜東京で初めてでも選ばれているStory東京本店","https://www.story-tokyo.com/diary/prof38/3/","初めてでも安心して選べる、東京の女風 Story東京本店","","DIARY写メ日記, 全国女性用風俗「Story(ストーリー)」","投稿セラピストCONTRIBUTORS",""
"写メ日記 女風｜東京で初めてでも選ばれているStory東京本店","https://www.story-tokyo.com/diary/prof38/4/","初めてでも安心して選べる、東京の女風 Story東京本店","","DIARY写メ日記, 全国女性用風俗「Story(ストーリー)」","投稿セラピストCONTRIBUTORS",""
"写メ日記 女風｜東京で初めてでも選ばれているStory東京本店","https://www.story-tokyo.com/diary/prof38/5/","初めてでも安心して選べる、東京の女風 Story東京本店","","DIARY写メ日記, 全国女性用風俗「Story(ストーリー)」","投稿セラピストCONTRIBUTORS",""
"写メ日記 女風｜東京で初めてでも選ばれているStory東京本店","https://www.story-tokyo.com/diary/prof40/2/","初めてでも安心して選べる、東京の女風 Story東京本店","","DIARY写メ日記, 全国女性用風俗「Story(ストーリー)」","投稿セラピストCONTRIBUTORS",""
"写メ日記 女風｜東京で初めてでも選ばれているStory東京本店","https://www.story-tokyo.com/diary/prof35/2/","初めてでも安心して選べる、東京の女風 Story東京本店","","DIARY写メ日記, 全国女性用風俗「Story(ストーリー)」","投稿セラピストCONTRIBUTORS",""
"写メ日記 女風｜東京で初めてでも選ばれているStory東京本店","https://www.story-tokyo.com/diary/prof32/2/","初めてでも安心して選べる、東京の女風 Story東京本店","","DIARY写メ日記, 全国女性用風俗「Story(ストーリー)」","投稿セラピストCONTRIBUTORS",""
"写メ日記 女風｜東京で初めてでも選ばれているStory東京本店","https://www.story-tokyo.com/diary/prof32/3/","初めてでも安心して選べる、東京の女風 Story東京本店","","DIARY写メ日記, 全国女性用風俗「Story(ストーリー)」","投稿セラピストCONTRIBUTORS",""
"写メ日記 女風｜東京で初めてでも選ばれているStory東京本店","https://www.story-tokyo.com/diary/prof32/4/","初めてでも安心して選べる、東京の女風 Story東京本店","","DIARY写メ日記, 全国女性用風俗「Story(ストーリー)」","投稿セラピストCONTRIBUTORS",""
"写メ日記 女風｜東京で初めてでも選ばれているStory東京本店","https://www.story-tokyo.com/diary/prof25/2/","初めてでも安心して選べる、東京の女風 Story東京本店","","DIARY写メ日記, 全国女性用風俗「Story(ストーリー)」","投稿セラピストCONTRIBUTORS",""
"写メ日記 女風｜東京で初めてでも選ばれているStory東京本店","https://www.story-tokyo.com/diary/prof25/3/","初めてでも安心して選べる、東京の女風 Story東京本店","","DIARY写メ日記, 全国女性用風俗「Story(ストーリー)」","投稿セラピストCONTRIBUTORS",""
"写メ日記 女風｜東京で初めてでも選ばれているStory東京本店","https://www.story-tokyo.com/diary/prof25/5/","初めてでも安心して選べる、東京の女風 Story東京本店","","DIARY写メ日記, 全国女性用風俗「Story(ストーリー)」","投稿セラピストCONTRIBUTORS",""
"写メ日記 女風｜東京で初めてでも選ばれているStory東京本店","https://www.story-tokyo.com/diary/prof25/4/","初めてでも安心して選べる、東京の女風 Story東京本店","","DIARY写メ日記, 全国女性用風俗「Story(ストーリー)」","投稿セラピストCONTRIBUTORS",""
"写メ日記 女風｜東京で初めてでも選ばれているStory東京本店","https://www.story-tokyo.com/diary/prof30/3/","初めてでも安心して選べる、東京の女風 Story東京本店","","DIARY写メ日記, 全国女性用風俗「Story(ストーリー)」","投稿セラピストCONTRIBUTORS",""
"写メ日記 女風｜東京で初めてでも選ばれているStory東京本店","https://www.story-tokyo.com/diary/prof30/2/","初めてでも安心して選べる、東京の女風 Story東京本店","","DIARY写メ日記, 全国女性用風俗「Story(ストーリー)」","投稿セラピストCONTRIBUTORS",""
"写メ日記 女風｜東京で初めてでも選ばれているStory東京本店","https://www.story-tokyo.com/diary/prof30/4/","初めてでも安心して選べる、東京の女風 Story東京本店","","DIARY写メ日記, 全国女性用風俗「Story(ストーリー)」","投稿セラピストCONTRIBUTORS",""
"写メ日記 女風｜東京で初めてでも選ばれているStory東京本店","https://www.story-tokyo.com/diary/prof24/2/","初めてでも安心して選べる、東京の女風 Story東京本店","","DIARY写メ日記, 全国女性用風俗「Story(ストーリー)」","投稿セラピストCONTRIBUTORS",""
"写メ日記 女風｜東京で初めてでも選ばれているStory東京本店","https://www.story-tokyo.com/diary/prof24/3/","初めてでも安心して選べる、東京の女風 Story東京本店","","DIARY写メ日記, 全国女性用風俗「Story(ストーリー)」","投稿セラピストCONTRIBUTORS",""
"写メ日記 女風｜東京で初めてでも選ばれているStory東京本店","https://www.story-tokyo.com/diary/prof24/4/","初めてでも安心して選べる、東京の女風 Story東京本店","","DIARY写メ日記, 全国女性用風俗「Story(ストーリー)」","投稿セラピストCONTRIBUTORS",""
"写メ日記 女風｜東京で初めてでも選ばれているStory東京本店","https://www.story-tokyo.com/diary/prof24/5/","初めてでも安心して選べる、東京の女風 Story東京本店","","DIARY写メ日記, 全国女性用風俗「Story(ストーリー)」","投稿セラピストCONTRIBUTORS",""
"写メ日記 女風｜東京で初めてでも選ばれているStory東京本店","https://www.story-tokyo.com/diary/prof27/2/","初めてでも安心して選べる、東京の女風 Story東京本店","","DIARY写メ日記, 全国女性用風俗「Story(ストーリー)」","投稿セラピストCONTRIBUTORS",""
"写メ日記 女風｜東京で初めてでも選ばれているStory東京本店","https://www.story-tokyo.com/diary/prof13/2/","初めてでも安心して選べる、東京の女風 Story東京本店","","DIARY写メ日記, 全国女性用風俗「Story(ストーリー)」","投稿セラピストCONTRIBUTORS",""
"写メ日記 女風｜東京で初めてでも選ばれているStory東京本店","https://www.story-tokyo.com/diary/prof17/2/","初めてでも安心して選べる、東京の女風 Story東京本店","","DIARY写メ日記, 全国女性用風俗「Story(ストーリー)」","投稿セラピストCONTRIBUTORS",""
"写メ日記 女風｜東京で初めてでも選ばれているStory東京本店","https://www.story-tokyo.com/diary/prof17/3/","初めてでも安心して選べる、東京の女風 Story東京本店","","DIARY写メ日記, 全国女性用風俗「Story(ストーリー)」","投稿セラピストCONTRIBUTORS",""
"写メ日記 女風｜東京で初めてでも選ばれているStory東京本店","https://www.story-tokyo.com/diary/prof14/2/","初めてでも安心して選べる、東京の女風 Story東京本店","","DIARY写メ日記, 全国女性用風俗「Story(ストーリー)」","投稿セラピストCONTRIBUTORS",""
"写メ日記 女風｜東京で初めてでも選ばれているStory東京本店","https://www.story-tokyo.com/diary/prof14/3/","初めてでも安心して選べる、東京の女風 Story東京本店","","DIARY写メ日記, 全国女性用風俗「Story(ストーリー)」","投稿セラピストCONTRIBUTORS",""
"写メ日記 女風｜東京で初めてでも選ばれているStory東京本店","https://www.story-tokyo.com/diary/prof26/2/","初めてでも安心して選べる、東京の女風 Story東京本店","","DIARY写メ日記, 全国女性用風俗「Story(ストーリー)」","投稿セラピストCONTRIBUTORS",""
"写メ日記 女風｜東京で初めてでも選ばれているStory東京本店","https://www.story-tokyo.com/diary/prof26/4/","初めてでも安心して選べる、東京の女風 Story東京本店","","DIARY写メ日記, 全国女性用風俗「Story(ストーリー)」","投稿セラピストCONTRIBUTORS",""
"写メ日記 女風｜東京で初めてでも選ばれているStory東京本店","https://www.story-tokyo.com/diary/prof26/3/","初めてでも安心して選べる、東京の女風 Story東京本店","","DIARY写メ日記, 全国女性用風俗「Story(ストーリー)」","投稿セラピストCONTRIBUTORS",""
"写メ日記 女風｜東京で初めてでも選ばれているStory東京本店","https://www.story-tokyo.com/diary/prof36/3/","初めてでも安心して選べる、東京の女風 Story東京本店","","DIARY写メ日記, 全国女性用風俗「Story(ストーリー)」","投稿セラピストCONTRIBUTORS",""
"写メ日記 女風｜東京で初めてでも選ばれているStory東京本店","https://www.story-tokyo.com/diary/prof36/2/","初めてでも安心して選べる、東京の女風 Story東京本店","","DIARY写メ日記, 全国女性用風俗「Story(ストーリー)」","投稿セラピストCONTRIBUTORS",""
"写メ日記 女風｜東京で初めてでも選ばれているStory東京本店","https://www.story-tokyo.com/diary/prof36/4/","初めてでも安心して選べる、東京の女風 Story東京本店","","DIARY写メ日記, 全国女性用風俗「Story(ストーリー)」","投稿セラピストCONTRIBUTORS",""
"写メ日記 女風｜東京で初めてでも選ばれているStory東京本店","https://www.story-tokyo.com/diary/prof37/2/","初めてでも安心して選べる、東京の女風 Story東京本店","","DIARY写メ日記, 全国女性用風俗「Story(ストーリー)」","投稿セラピストCONTRIBUTORS",""
"写メ日記 女風｜東京で初めてでも選ばれているStory東京本店","https://www.story-tokyo.com/diary/prof37/3/","初めてでも安心して選べる、東京の女風 Story東京本店","","DIARY写メ日記, 全国女性用風俗「Story(ストーリー)」","投稿セラピストCONTRIBUTORS",""
"トピックス 女風｜東京で初めてでも選ばれているStory東京本店","https://www.story-tokyo.com/news/1/","初めてでも安心して選べる、東京の女風 Story東京本店","","TOPICSトピックス, 全国女性用風俗「Story(ストーリー)」","",""
"会員登録 女風｜東京で初めてでも選ばれているStory東京本店","https://www.story-tokyo.com/mr/regist.php","女風｜東京で初めてでも選ばれているStory東京本店","","emailメッセ会員登録フォーム, account_circle会員登録の流れ, 女風｜東京で初めてでも選ばれているStory東京本店","warningメッセ会員　利用規約",""
"メールアドレスの変更 女風｜東京で初めてでも選ばれているStory東京本店","https://www.story-tokyo.com/mr/pass/","女風｜東京で初めてでも選ばれているStory東京本店","","vpn_keyパスワードの再設定, 女風｜東京で初めてでも選ばれているStory東京本店","warningメッセ会員　利用規約",""
"口コミ 女風｜東京で初めてでも選ばれているStory東京本店","https://www.story-tokyo.com/review/8/","初めてでも安心して選べる、東京の女風 Story東京本店","","KUCHIKOMI口コミ, 全国女性用風俗「Story(ストーリー)」","口コミについてABOUT",""
"口コミ 女風｜東京で初めてでも選ばれているStory東京本店","https://www.story-tokyo.com/review/9/","初めてでも安心して選べる、東京の女風 Story東京本店","","KUCHIKOMI口コミ, 全国女性用風俗「Story(ストーリー)」","口コミについてABOUT",""
"写メ日記 女風｜東京で初めてでも選ばれているStory東京本店","https://www.story-tokyo.com/diary/8/","初めてでも安心して選べる、東京の女風 Story東京本店","","DIARY写メ日記, 全国女性用風俗「Story(ストーリー)」","投稿セラピストCONTRIBUTORS",""
"写メ日記 女風｜東京で初めてでも選ばれているStory東京本店","https://www.story-tokyo.com/diary/9/","初めてでも安心して選べる、東京の女風 Story東京本店","","DIARY写メ日記, 全国女性用風俗「Story(ストーリー)」","投稿セラピストCONTRIBUTORS",""
"写メ日記 女風｜東京で初めてでも選ばれているStory東京本店","https://www.story-tokyo.com/diary/prof15/1/","初めてでも安心して選べる、東京の女風 Story東京本店","","DIARY写メ日記, 全国女性用風俗「Story(ストーリー)」","投稿セラピストCONTRIBUTORS",""
"写メ日記 女風｜東京で初めてでも選ばれているStory東京本店","https://www.story-tokyo.com/diary/prof61/1/","初めてでも安心して選べる、東京の女風 Story東京本店","","DIARY写メ日記, 全国女性用風俗「Story(ストーリー)」","投稿セラピストCONTRIBUTORS",""
"写メ日記 女風｜東京で初めてでも選ばれているStory東京本店","https://www.story-tokyo.com/diary/prof56/1/","初めてでも安心して選べる、東京の女風 Story東京本店","","DIARY写メ日記, 全国女性用風俗「Story(ストーリー)」","投稿セラピストCONTRIBUTORS",""
"写メ日記 女風｜東京で初めてでも選ばれているStory東京本店","https://www.story-tokyo.com/diary/prof59/1/","初めてでも安心して選べる、東京の女風 Story東京本店","","DIARY写メ日記, 全国女性用風俗「Story(ストーリー)」","投稿セラピストCONTRIBUTORS",""
"写メ日記 女風｜東京で初めてでも選ばれているStory東京本店","https://www.story-tokyo.com/diary/prof57/1/","初めてでも安心して選べる、東京の女風 Story東京本店","","DIARY写メ日記, 全国女性用風俗「Story(ストーリー)」","投稿セラピストCONTRIBUTORS",""
"写メ日記 女風｜東京で初めてでも選ばれているStory東京本店","https://www.story-tokyo.com/diary/prof54/1/","初めてでも安心して選べる、東京の女風 Story東京本店","","DIARY写メ日記, 全国女性用風俗「Story(ストーリー)」","投稿セラピストCONTRIBUTORS",""
"写メ日記 女風｜東京で初めてでも選ばれているStory東京本店","https://www.story-tokyo.com/diary/prof53/1/","初めてでも安心して選べる、東京の女風 Story東京本店","","DIARY写メ日記, 全国女性用風俗「Story(ストーリー)」","投稿セラピストCONTRIBUTORS",""
"写メ日記 女風｜東京で初めてでも選ばれているStory東京本店","https://www.story-tokyo.com/diary/prof50/1/","初めてでも安心して選べる、東京の女風 Story東京本店","","DIARY写メ日記, 全国女性用風俗「Story(ストーリー)」","投稿セラピストCONTRIBUTORS",""
"写メ日記 女風｜東京で初めてでも選ばれているStory東京本店","https://www.story-tokyo.com/diary/prof45/1/","初めてでも安心して選べる、東京の女風 Story東京本店","","DIARY写メ日記, 全国女性用風俗「Story(ストーリー)」","投稿セラピストCONTRIBUTORS",""
"写メ日記 女風｜東京で初めてでも選ばれているStory東京本店","https://www.story-tokyo.com/diary/prof48/1/","初めてでも安心して選べる、東京の女風 Story東京本店","","DIARY写メ日記, 全国女性用風俗「Story(ストーリー)」","投稿セラピストCONTRIBUTORS",""
"写メ日記 女風｜東京で初めてでも選ばれているStory東京本店","https://www.story-tokyo.com/diary/prof42/1/","初めてでも安心して選べる、東京の女風 Story東京本店","","DIARY写メ日記, 全国女性用風俗「Story(ストーリー)」","投稿セラピストCONTRIBUTORS",""
"写メ日記 女風｜東京で初めてでも選ばれているStory東京本店","https://www.story-tokyo.com/diary/prof39/1/","初めてでも安心して選べる、東京の女風 Story東京本店","","DIARY写メ日記, 全国女性用風俗「Story(ストーリー)」","投稿セラピストCONTRIBUTORS",""
"写メ日記 女風｜東京で初めてでも選ばれているStory東京本店","https://www.story-tokyo.com/diary/prof38/1/","初めてでも安心して選べる、東京の女風 Story東京本店","","DIARY写メ日記, 全国女性用風俗「Story(ストーリー)」","投稿セラピストCONTRIBUTORS",""
"写メ日記 女風｜東京で初めてでも選ばれているStory東京本店","https://www.story-tokyo.com/diary/prof40/1/","初めてでも安心して選べる、東京の女風 Story東京本店","","DIARY写メ日記, 全国女性用風俗「Story(ストーリー)」","投稿セラピストCONTRIBUTORS",""
"写メ日記 女風｜東京で初めてでも選ばれているStory東京本店","https://www.story-tokyo.com/diary/prof35/1/","初めてでも安心して選べる、東京の女風 Story東京本店","","DIARY写メ日記, 全国女性用風俗「Story(ストーリー)」","投稿セラピストCONTRIBUTORS",""
"写メ日記 女風｜東京で初めてでも選ばれているStory東京本店","https://www.story-tokyo.com/diary/prof32/1/","初めてでも安心して選べる、東京の女風 Story東京本店","","DIARY写メ日記, 全国女性用風俗「Story(ストーリー)」","投稿セラピストCONTRIBUTORS",""
"写メ日記 女風｜東京で初めてでも選ばれているStory東京本店","https://www.story-tokyo.com/diary/prof25/1/","初めてでも安心して選べる、東京の女風 Story東京本店","","DIARY写メ日記, 全国女性用風俗「Story(ストーリー)」","投稿セラピストCONTRIBUTORS",""
"写メ日記 女風｜東京で初めてでも選ばれているStory東京本店","https://www.story-tokyo.com/diary/prof30/1/","初めてでも安心して選べる、東京の女風 Story東京本店","","DIARY写メ日記, 全国女性用風俗「Story(ストーリー)」","投稿セラピストCONTRIBUTORS",""
"写メ日記 女風｜東京で初めてでも選ばれているStory東京本店","https://www.story-tokyo.com/diary/prof24/1/","初めてでも安心して選べる、東京の女風 Story東京本店","","DIARY写メ日記, 全国女性用風俗「Story(ストーリー)」","投稿セラピストCONTRIBUTORS",""
"写メ日記 女風｜東京で初めてでも選ばれているStory東京本店","https://www.story-tokyo.com/diary/prof24/6/","初めてでも安心して選べる、東京の女風 Story東京本店","","DIARY写メ日記, 全国女性用風俗「Story(ストーリー)」","投稿セラピストCONTRIBUTORS",""
"写メ日記 女風｜東京で初めてでも選ばれているStory東京本店","https://www.story-tokyo.com/diary/prof27/1/","初めてでも安心して選べる、東京の女風 Story東京本店","","DIARY写メ日記, 全国女性用風俗「Story(ストーリー)」","投稿セラピストCONTRIBUTORS",""
"写メ日記 女風｜東京で初めてでも選ばれているStory東京本店","https://www.story-tokyo.com/diary/prof13/1/","初めてでも安心して選べる、東京の女風 Story東京本店","","DIARY写メ日記, 全国女性用風俗「Story(ストーリー)」","投稿セラピストCONTRIBUTORS",""
"写メ日記 女風｜東京で初めてでも選ばれているStory東京本店","https://www.story-tokyo.com/diary/prof17/1/","初めてでも安心して選べる、東京の女風 Story東京本店","","DIARY写メ日記, 全国女性用風俗「Story(ストーリー)」","投稿セラピストCONTRIBUTORS",""
"写メ日記 女風｜東京で初めてでも選ばれているStory東京本店","https://www.story-tokyo.com/diary/prof14/1/","初めてでも安心して選べる、東京の女風 Story東京本店","","DIARY写メ日記, 全国女性用風俗「Story(ストーリー)」","投稿セラピストCONTRIBUTORS",""
"写メ日記 女風｜東京で初めてでも選ばれているStory東京本店","https://www.story-tokyo.com/diary/prof26/1/","初めてでも安心して選べる、東京の女風 Story東京本店","","DIARY写メ日記, 全国女性用風俗「Story(ストーリー)」","投稿セラピストCONTRIBUTORS",""
"写メ日記 女風｜東京で初めてでも選ばれているStory東京本店","https://www.story-tokyo.com/diary/prof36/1/","初めてでも安心して選べる、東京の女風 Story東京本店","","DIARY写メ日記, 全国女性用風俗「Story(ストーリー)」","投稿セラピストCONTRIBUTORS",""
"写メ日記 女風｜東京で初めてでも選ばれているStory東京本店","https://www.story-tokyo.com/diary/prof37/1/","初めてでも安心して選べる、東京の女風 Story東京本店","","DIARY写メ日記, 全国女性用風俗「Story(ストーリー)」","投稿セラピストCONTRIBUTORS",""
"口コミ 女風｜東京で初めてでも選ばれているStory東京本店","https://www.story-tokyo.com/review/10/","初めてでも安心して選べる、東京の女風 Story東京本店","","KUCHIKOMI口コミ, 全国女性用風俗「Story(ストーリー)」","口コミについてABOUT",""
"口コミ 女風｜東京で初めてでも選ばれているStory東京本店","https://www.story-tokyo.com/review/11/","初めてでも安心して選べる、東京の女風 Story東京本店","","KUCHIKOMI口コミ, 全国女性用風俗「Story(ストーリー)」","口コミについてABOUT",""
"写メ日記 女風｜東京で初めてでも選ばれているStory東京本店","https://www.story-tokyo.com/diary/10/","初めてでも安心して選べる、東京の女風 Story東京本店","","DIARY写メ日記, 全国女性用風俗「Story(ストーリー)」","投稿セラピストCONTRIBUTORS",""
"写メ日記 女風｜東京で初めてでも選ばれているStory東京本店","https://www.story-tokyo.com/diary/11/","初めてでも安心して選べる、東京の女風 Story東京本店","","DIARY写メ日記, 全国女性用風俗「Story(ストーリー)」","投稿セラピストCONTRIBUTORS",""
"口コミ 女風｜東京で初めてでも選ばれているStory東京本店","https://www.story-tokyo.com/review/12/","初めてでも安心して選べる、東京の女風 Story東京本店","","KUCHIKOMI口コミ, 全国女性用風俗「Story(ストーリー)」","口コミについてABOUT",""
"口コミ 女風｜東京で初めてでも選ばれているStory東京本店","https://www.story-tokyo.com/review/13/","初めてでも安心して選べる、東京の女風 Story東京本店","","KUCHIKOMI口コミ, 全国女性用風俗「Story(ストーリー)」","口コミについてABOUT",""
"写メ日記 女風｜東京で初めてでも選ばれているStory東京本店","https://www.story-tokyo.com/diary/12/","初めてでも安心して選べる、東京の女風 Story東京本店","","DIARY写メ日記, 全国女性用風俗「Story(ストーリー)」","投稿セラピストCONTRIBUTORS",""
"口コミ 女風｜東京で初めてでも選ばれているStory東京本店","https://www.story-tokyo.com/review/14/","初めてでも安心して選べる、東京の女風 Story東京本店","","KUCHIKOMI口コミ, 全国女性用風俗「Story(ストーリー)」","口コミについてABOUT",""
"写メ日記 女風｜東京で初めてでも選ばれているStory東京本店","https://www.story-tokyo.com/diary/13/","初めてでも安心して選べる、東京の女風 Story東京本店","","DIARY写メ日記, 全国女性用風俗「Story(ストーリー)」","投稿セラピストCONTRIBUTORS",""
"口コミ 女風｜東京で初めてでも選ばれているStory東京本店","https://www.story-tokyo.com/review/15/","初めてでも安心して選べる、東京の女風 Story東京本店","","KUCHIKOMI口コミ, 全国女性用風俗「Story(ストーリー)」","口コミについてABOUT",""
"写メ日記 女風｜東京で初めてでも選ばれているStory東京本店","https://www.story-tokyo.com/diary/14/","初めてでも安心して選べる、東京の女風 Story東京本店","","DIARY写メ日記, 全国女性用風俗「Story(ストーリー)」","投稿セラピストCONTRIBUTORS",""
"口コミ 女風｜東京で初めてでも選ばれているStory東京本店","https://www.story-tokyo.com/review/16/","初めてでも安心して選べる、東京の女風 Story東京本店","","KUCHIKOMI口コミ, 全国女性用風俗「Story(ストーリー)」","口コミについてABOUT",""
"口コミ 女風｜東京で初めてでも選ばれているStory東京本店","https://www.story-tokyo.com/review/17/","初めてでも安心して選べる、東京の女風 Story東京本店","","KUCHIKOMI口コミ, 全国女性用風俗「Story(ストーリー)」","口コミについてABOUT",""
"写メ日記 女風｜東京で初めてでも選ばれているStory東京本店","https://www.story-tokyo.com/diary/15/","初めてでも安心して選べる、東京の女風 Story東京本店","","DIARY写メ日記, 全国女性用風俗「Story(ストーリー)」","投稿セラピストCONTRIBUTORS",""
"口コミ 女風｜東京で初めてでも選ばれているStory東京本店","https://www.story-tokyo.com/review/18/","初めてでも安心して選べる、東京の女風 Story東京本店","","KUCHIKOMI口コミ, 全国女性用風俗「Story(ストーリー)」","口コミについてABOUT",""
"写メ日記 女風｜東京で初めてでも選ばれているStory東京本店","https://www.story-tokyo.com/diary/16/","初めてでも安心して選べる、東京の女風 Story東京本店","","DIARY写メ日記, 全国女性用風俗「Story(ストーリー)」","投稿セラピストCONTRIBUTORS",""
"口コミ 女風｜東京で初めてでも選ばれているStory東京本店","https://www.story-tokyo.com/review/19/","初めてでも安心して選べる、東京の女風 Story東京本店","","KUCHIKOMI口コミ, 全国女性用風俗「Story(ストーリー)」","口コミについてABOUT",""
"写メ日記 女風｜東京で初めてでも選ばれているStory東京本店","https://www.story-tokyo.com/diary/17/","初めてでも安心して選べる、東京の女風 Story東京本店","","DIARY写メ日記, 全国女性用風俗「Story(ストーリー)」","投稿セラピストCONTRIBUTORS",""
"口コミ 女風｜東京で初めてでも選ばれているStory東京本店","https://www.story-tokyo.com/review/20/","初めてでも安心して選べる、東京の女風 Story東京本店","","KUCHIKOMI口コミ, 全国女性用風俗「Story(ストーリー)」","口コミについてABOUT",""
"写メ日記 女風｜東京で初めてでも選ばれているStory東京本店","https://www.story-tokyo.com/diary/18/","初めてでも安心して選べる、東京の女風 Story東京本店","","DIARY写メ日記, 全国女性用風俗「Story(ストーリー)」","投稿セラピストCONTRIBUTORS",""
"口コミ 女風｜東京で初めてでも選ばれているStory東京本店","https://www.story-tokyo.com/review/21/","初めてでも安心して選べる、東京の女風 Story東京本店","","KUCHIKOMI口コミ, 全国女性用風俗「Story(ストーリー)」","口コミについてABOUT",""
"写メ日記 女風｜東京で初めてでも選ばれているStory東京本店","https://www.story-tokyo.com/diary/19/","初めてでも安心して選べる、東京の女風 Story東京本店","","DIARY写メ日記, 全国女性用風俗「Story(ストーリー)」","投稿セラピストCONTRIBUTORS",""
"口コミ 女風｜東京で初めてでも選ばれているStory東京本店","https://www.story-tokyo.com/review/22/","初めてでも安心して選べる、東京の女風 Story東京本店","","KUCHIKOMI口コミ, 全国女性用風俗「Story(ストーリー)」","口コミについてABOUT",""
"写メ日記 女風｜東京で初めてでも選ばれているStory東京本店","https://www.story-tokyo.com/diary/20/","初めてでも安心して選べる、東京の女風 Story東京本店","","DIARY写メ日記, 全国女性用風俗「Story(ストーリー)」","投稿セラピストCONTRIBUTORS",""
"口コミ 女風｜東京で初めてでも選ばれているStory東京本店","https://www.story-tokyo.com/review/23/","初めてでも安心して選べる、東京の女風 Story東京本店","","KUCHIKOMI口コミ, 全国女性用風俗「Story(ストーリー)」","口コミについてABOUT",""
"写メ日記 女風｜東京で初めてでも選ばれているStory東京本店","https://www.story-tokyo.com/diary/21/","初めてでも安心して選べる、東京の女風 Story東京本店","","DIARY写メ日記, 全国女性用風俗「Story(ストーリー)」","投稿セラピストCONTRIBUTORS",""
"口コミ 女風｜東京で初めてでも選ばれているStory東京本店","https://www.story-tokyo.com/review/24/","初めてでも安心して選べる、東京の女風 Story東京本店","","KUCHIKOMI口コミ, 全国女性用風俗「Story(ストーリー)」","口コミについてABOUT",""
"写メ日記 女風｜東京で初めてでも選ばれているStory東京本店","https://www.story-tokyo.com/diary/22/","初めてでも安心して選べる、東京の女風 Story東京本店","","DIARY写メ日記, 全国女性用風俗「Story(ストーリー)」","投稿セラピストCONTRIBUTORS",""
"口コミ 女風｜東京で初めてでも選ばれているStory東京本店","https://www.story-tokyo.com/review/25/","初めてでも安心して選べる、東京の女風 Story東京本店","","KUCHIKOMI口コミ, 全国女性用風俗「Story(ストーリー)」","口コミについてABOUT",""
"写メ日記 女風｜東京で初めてでも選ばれているStory東京本店","https://www.story-tokyo.com/diary/23/","初めてでも安心して選べる、東京の女風 Story東京本店","","DIARY写メ日記, 全国女性用風俗「Story(ストーリー)」","投稿セラピストCONTRIBUTORS",""
"口コミ 女風｜東京で初めてでも選ばれているStory東京本店","https://www.story-tokyo.com/review/26/","初めてでも安心して選べる、東京の女風 Story東京本店","","KUCHIKOMI口コミ, 全国女性用風俗「Story(ストーリー)」","口コミについてABOUT",""
"口コミ 女風｜東京で初めてでも選ばれているStory東京本店","https://www.story-tokyo.com/review/27/","初めてでも安心して選べる、東京の女風 Story東京本店","","KUCHIKOMI口コミ, 全国女性用風俗「Story(ストーリー)」","口コミについてABOUT",""
"写メ日記 女風｜東京で初めてでも選ばれているStory東京本店","https://www.story-tokyo.com/diary/24/","初めてでも安心して選べる、東京の女風 Story東京本店","","DIARY写メ日記, 全国女性用風俗「Story(ストーリー)」","投稿セラピストCONTRIBUTORS",""
"口コミ 女風｜東京で初めてでも選ばれているStory東京本店","https://www.story-tokyo.com/review/28/","初めてでも安心して選べる、東京の女風 Story東京本店","","KUCHIKOMI口コミ, 全国女性用風俗「Story(ストーリー)」","口コミについてABOUT",""
"写メ日記 女風｜東京で初めてでも選ばれているStory東京本店","https://www.story-tokyo.com/diary/25/","初めてでも安心して選べる、東京の女風 Story東京本店","","DIARY写メ日記, 全国女性用風俗「Story(ストーリー)」","投稿セラピストCONTRIBUTORS",""
"口コミ 女風｜東京で初めてでも選ばれているStory東京本店","https://www.story-tokyo.com/review/29/","初めてでも安心して選べる、東京の女風 Story東京本店","","KUCHIKOMI口コミ, 全国女性用風俗「Story(ストーリー)」","口コミについてABOUT",""
"写メ日記 女風｜東京で初めてでも選ばれているStory東京本店","https://www.story-tokyo.com/diary/26/","初めてでも安心して選べる、東京の女風 Story東京本店","","DIARY写メ日記, 全国女性用風俗「Story(ストーリー)」","投稿セラピストCONTRIBUTORS",""
"口コミ 女風｜東京で初めてでも選ばれているStory東京本店","https://www.story-tokyo.com/review/30/","初めてでも安心して選べる、東京の女風 Story東京本店","","KUCHIKOMI口コミ, 全国女性用風俗「Story(ストーリー)」","口コミについてABOUT",""
"写メ日記 女風｜東京で初めてでも選ばれているStory東京本店","https://www.story-tokyo.com/diary/27/","初めてでも安心して選べる、東京の女風 Story東京本店","","DIARY写メ日記, 全国女性用風俗「Story(ストーリー)」","投稿セラピストCONTRIBUTORS",""
"口コミ 女風｜東京で初めてでも選ばれているStory東京本店","https://www.story-tokyo.com/review/31/","初めてでも安心して選べる、東京の女風 Story東京本店","","KUCHIKOMI口コミ, 全国女性用風俗「Story(ストーリー)」","口コミについてABOUT",""
"写メ日記 女風｜東京で初めてでも選ばれているStory東京本店","https://www.story-tokyo.com/diary/28/","初めてでも安心して選べる、東京の女風 Story東京本店","","DIARY写メ日記, 全国女性用風俗「Story(ストーリー)」","投稿セラピストCONTRIBUTORS",""
"口コミ 女風｜東京で初めてでも選ばれているStory東京本店","https://www.story-tokyo.com/review/32/","初めてでも安心して選べる、東京の女風 Story東京本店","","KUCHIKOMI口コミ, 全国女性用風俗「Story(ストーリー)」","口コミについてABOUT",""
"口コミ 女風｜東京で初めてでも選ばれているStory東京本店","https://www.story-tokyo.com/review/33/","初めてでも安心して選べる、東京の女風 Story東京本店","","KUCHIKOMI口コミ, 全国女性用風俗「Story(ストーリー)」","口コミについてABOUT",""
"写メ日記 女風｜東京で初めてでも選ばれているStory東京本店","https://www.story-tokyo.com/diary/29/","初めてでも安心して選べる、東京の女風 Story東京本店","","DIARY写メ日記, 全国女性用風俗「Story(ストーリー)」","投稿セラピストCONTRIBUTORS",""
"写メ日記 女風｜東京で初めてでも選ばれているStory東京本店","https://www.story-tokyo.com/diary/30/","初めてでも安心して選べる、東京の女風 Story東京本店","","DIARY写メ日記, 全国女性用風俗「Story(ストーリー)」","投稿セラピストCONTRIBUTORS",""
"口コミ 女風｜東京で初めてでも選ばれているStory東京本店","https://www.story-tokyo.com/review/34/","初めてでも安心して選べる、東京の女風 Story東京本店","","KUCHIKOMI口コミ, 全国女性用風俗「Story(ストーリー)」","口コミについてABOUT",""
"口コミ 女風｜東京で初めてでも選ばれているStory東京本店","https://www.story-tokyo.com/review/35/","初めてでも安心して選べる、東京の女風 Story東京本店","","KUCHIKOMI口コミ, 全国女性用風俗「Story(ストーリー)」","口コミについてABOUT",""
"写メ日記 女風｜東京で初めてでも選ばれているStory東京本店","https://www.story-tokyo.com/diary/31/","初めてでも安心して選べる、東京の女風 Story東京本店","","DIARY写メ日記, 全国女性用風俗「Story(ストーリー)」","投稿セラピストCONTRIBUTORS",""
"写メ日記 女風｜東京で初めてでも選ばれているStory東京本店","https://www.story-tokyo.com/diary/32/","初めてでも安心して選べる、東京の女風 Story東京本店","","DIARY写メ日記, 全国女性用風俗「Story(ストーリー)」","投稿セラピストCONTRIBUTORS",""
"口コミ 女風｜東京で初めてでも選ばれているStory東京本店","https://www.story-tokyo.com/review/36/","初めてでも安心して選べる、東京の女風 Story東京本店","","KUCHIKOMI口コミ, 全国女性用風俗「Story(ストーリー)」","口コミについてABOUT",""
"口コミ 女風｜東京で初めてでも選ばれているStory東京本店","https://www.story-tokyo.com/review/37/","初めてでも安心して選べる、東京の女風 Story東京本店","","KUCHIKOMI口コミ, 全国女性用風俗「Story(ストーリー)」","口コミについてABOUT",""
"写メ日記 女風｜東京で初めてでも選ばれているStory東京本店","https://www.story-tokyo.com/diary/33/","初めてでも安心して選べる、東京の女風 Story東京本店","","DIARY写メ日記, 全国女性用風俗「Story(ストーリー)」","投稿セラピストCONTRIBUTORS",""
"口コミ 女風｜東京で初めてでも選ばれているStory東京本店","https://www.story-tokyo.com/review/38/","初めてでも安心して選べる、東京の女風 Story東京本店","","KUCHIKOMI口コミ, 全国女性用風俗「Story(ストーリー)」","口コミについてABOUT",""
"写メ日記 女風｜東京で初めてでも選ばれているStory東京本店","https://www.story-tokyo.com/diary/34/","初めてでも安心して選べる、東京の女風 Story東京本店","","DIARY写メ日記, 全国女性用風俗「Story(ストーリー)」","投稿セラピストCONTRIBUTORS",""
"口コミ 女風｜東京で初めてでも選ばれているStory東京本店","https://www.story-tokyo.com/review/39/","初めてでも安心して選べる、東京の女風 Story東京本店","","KUCHIKOMI口コミ, 全国女性用風俗「Story(ストーリー)」","口コミについてABOUT",""
"写メ日記 女風｜東京で初めてでも選ばれているStory東京本店","https://www.story-tokyo.com/diary/35/","初めてでも安心して選べる、東京の女風 Story東京本店","","DIARY写メ日記, 全国女性用風俗「Story(ストーリー)」","投稿セラピストCONTRIBUTORS",""
"口コミ 女風｜東京で初めてでも選ばれているStory東京本店","https://www.story-tokyo.com/review/40/","初めてでも安心して選べる、東京の女風 Story東京本店","","KUCHIKOMI口コミ, 全国女性用風俗「Story(ストーリー)」","口コミについてABOUT",""
"写メ日記 女風｜東京で初めてでも選ばれているStory東京本店","https://www.story-tokyo.com/diary/36/","初めてでも安心して選べる、東京の女風 Story東京本店","","DIARY写メ日記, 全国女性用風俗「Story(ストーリー)」","投稿セラピストCONTRIBUTORS",""
"口コミ 女風｜東京で初めてでも選ばれているStory東京本店","https://www.story-tokyo.com/review/41/","初めてでも安心して選べる、東京の女風 Story東京本店","","KUCHIKOMI口コミ, 全国女性用風俗「Story(ストーリー)」","口コミについてABOUT",""
"口コミ 女風｜東京で初めてでも選ばれているStory東京本店","https://www.story-tokyo.com/review/42/","初めてでも安心して選べる、東京の女風 Story東京本店","","KUCHIKOMI口コミ, 全国女性用風俗「Story(ストーリー)」","口コミについてABOUT",""
"写メ日記 女風｜東京で初めてでも選ばれているStory東京本店","https://www.story-tokyo.com/diary/37/","初めてでも安心して選べる、東京の女風 Story東京本店","","DIARY写メ日記, 全国女性用風俗「Story(ストーリー)」","投稿セラピストCONTRIBUTORS",""
"口コミ 女風｜東京で初めてでも選ばれているStory東京本店","https://www.story-tokyo.com/review/43/","初めてでも安心して選べる、東京の女風 Story東京本店","","KUCHIKOMI口コミ, 全国女性用風俗「Story(ストーリー)」","口コミについてABOUT",""
"写メ日記 女風｜東京で初めてでも選ばれているStory東京本店","https://www.story-tokyo.com/diary/38/","初めてでも安心して選べる、東京の女風 Story東京本店","","DIARY写メ日記, 全国女性用風俗「Story(ストーリー)」","投稿セラピストCONTRIBUTORS",""
"口コミ 女風｜東京で初めてでも選ばれているStory東京本店","https://www.story-tokyo.com/review/44/","初めてでも安心して選べる、東京の女風 Story東京本店","","KUCHIKOMI口コミ, 全国女性用風俗「Story(ストーリー)」","口コミについてABOUT",""
"写メ日記 女風｜東京で初めてでも選ばれているStory東京本店","https://www.story-tokyo.com/diary/39/","初めてでも安心して選べる、東京の女風 Story東京本店","","DIARY写メ日記, 全国女性用風俗「Story(ストーリー)」","投稿セラピストCONTRIBUTORS",""
"口コミ 女風｜東京で初めてでも選ばれているStory東京本店","https://www.story-tokyo.com/review/45/","初めてでも安心して選べる、東京の女風 Story東京本店","","KUCHIKOMI口コミ, 全国女性用風俗「Story(ストーリー)」","口コミについてABOUT",""
"口コミ 女風｜東京で初めてでも選ばれているStory東京本店","https://www.story-tokyo.com/review/46/","初めてでも安心して選べる、東京の女風 Story東京本店","","KUCHIKOMI口コミ, 全国女性用風俗「Story(ストーリー)」","口コミについてABOUT",""
"写メ日記 女風｜東京で初めてでも選ばれているStory東京本店","https://www.story-tokyo.com/diary/40/","初めてでも安心して選べる、東京の女風 Story東京本店","","DIARY写メ日記, 全国女性用風俗「Story(ストーリー)」","投稿セラピストCONTRIBUTORS",""
"写メ日記 女風｜東京で初めてでも選ばれているStory東京本店","https://www.story-tokyo.com/diary/41/","初めてでも安心して選べる、東京の女風 Story東京本店","","DIARY写メ日記, 全国女性用風俗「Story(ストーリー)」","投稿セラピストCONTRIBUTORS",""
"口コミ 女風｜東京で初めてでも選ばれているStory東京本店","https://www.story-tokyo.com/review/47/","初めてでも安心して選べる、東京の女風 Story東京本店","","KUCHIKOMI口コミ, 全国女性用風俗「Story(ストーリー)」","口コミについてABOUT",""
"口コミ 女風｜東京で初めてでも選ばれているStory東京本店","https://www.story-tokyo.com/review/48/","初めてでも安心して選べる、東京の女風 Story東京本店","","KUCHIKOMI口コミ, 全国女性用風俗「Story(ストーリー)」","口コミについてABOUT",""
"写メ日記 女風｜東京で初めてでも選ばれているStory東京本店","https://www.story-tokyo.com/diary/42/","初めてでも安心して選べる、東京の女風 Story東京本店","","DIARY写メ日記, 全国女性用風俗「Story(ストーリー)」","投稿セラピストCONTRIBUTORS",""
"写メ日記 女風｜東京で初めてでも選ばれているStory東京本店","https://www.story-tokyo.com/diary/43/","初めてでも安心して選べる、東京の女風 Story東京本店","","DIARY写メ日記, 全国女性用風俗「Story(ストーリー)」","投稿セラピストCONTRIBUTORS",""
"口コミ 女風｜東京で初めてでも選ばれているStory東京本店","https://www.story-tokyo.com/review/49/","初めてでも安心して選べる、東京の女風 Story東京本店","","KUCHIKOMI口コミ, 全国女性用風俗「Story(ストーリー)」","口コミについてABOUT",""
"口コミ 女風｜東京で初めてでも選ばれているStory東京本店","https://www.story-tokyo.com/review/50/","初めてでも安心して選べる、東京の女風 Story東京本店","","KUCHIKOMI口コミ, 全国女性用風俗「Story(ストーリー)」","口コミについてABOUT",""
"写メ日記 女風｜東京で初めてでも選ばれているStory東京本店","https://www.story-tokyo.com/diary/44/","初めてでも安心して選べる、東京の女風 Story東京本店","","DIARY写メ日記, 全国女性用風俗「Story(ストーリー)」","投稿セラピストCONTRIBUTORS",""
"写メ日記 女風｜東京で初めてでも選ばれているStory東京本店","https://www.story-tokyo.com/diary/45/","初めてでも安心して選べる、東京の女風 Story東京本店","","DIARY写メ日記, 全国女性用風俗「Story(ストーリー)」","投稿セラピストCONTRIBUTORS",""
"口コミ 女風｜東京で初めてでも選ばれているStory東京本店","https://www.story-tokyo.com/review/51/","初めてでも安心して選べる、東京の女風 Story東京本店","","KUCHIKOMI口コミ, 全国女性用風俗「Story(ストーリー)」","口コミについてABOUT",""
"口コミ 女風｜東京で初めてでも選ばれているStory東京本店","https://www.story-tokyo.com/review/52/","初めてでも安心して選べる、東京の女風 Story東京本店","","KUCHIKOMI口コミ, 全国女性用風俗「Story(ストーリー)」","口コミについてABOUT",""
"写メ日記 女風｜東京で初めてでも選ばれているStory東京本店","https://www.story-tokyo.com/diary/46/","初めてでも安心して選べる、東京の女風 Story東京本店","","DIARY写メ日記, 全国女性用風俗「Story(ストーリー)」","投稿セラピストCONTRIBUTORS",""
"写メ日記 女風｜東京で初めてでも選ばれているStory東京本店","https://www.story-tokyo.com/diary/47/","初めてでも安心して選べる、東京の女風 Story東京本店","","DIARY写メ日記, 全国女性用風俗「Story(ストーリー)」","投稿セラピストCONTRIBUTORS",""
"口コミ 女風｜東京で初めてでも選ばれているStory東京本店","https://www.story-tokyo.com/review/54/","初めてでも安心して選べる、東京の女風 Story東京本店","","KUCHIKOMI口コミ, 全国女性用風俗「Story(ストーリー)」","口コミについてABOUT",""
"口コミ 女風｜東京で初めてでも選ばれているStory東京本店","https://www.story-tokyo.com/review/53/","初めてでも安心して選べる、東京の女風 Story東京本店","","KUCHIKOMI口コミ, 全国女性用風俗「Story(ストーリー)」","口コミについてABOUT",""
"写メ日記 女風｜東京で初めてでも選ばれているStory東京本店","https://www.story-tokyo.com/diary/48/","初めてでも安心して選べる、東京の女風 Story東京本店","","DIARY写メ日記, 全国女性用風俗「Story(ストーリー)」","投稿セラピストCONTRIBUTORS",""
"写メ日記 女風｜東京で初めてでも選ばれているStory東京本店","https://www.story-tokyo.com/diary/49/","初めてでも安心して選べる、東京の女風 Story東京本店","","DIARY写メ日記, 全国女性用風俗「Story(ストーリー)」","投稿セラピストCONTRIBUTORS",""
"口コミ 女風｜東京で初めてでも選ばれているStory東京本店","https://www.story-tokyo.com/review/55/","初めてでも安心して選べる、東京の女風 Story東京本店","","KUCHIKOMI口コミ, 全国女性用風俗「Story(ストーリー)」","口コミについてABOUT",""
"口コミ 女風｜東京で初めてでも選ばれているStory東京本店","https://www.story-tokyo.com/review/56/","初めてでも安心して選べる、東京の女風 Story東京本店","","KUCHIKOMI口コミ, 全国女性用風俗「Story(ストーリー)」","口コミについてABOUT",""
"写メ日記 女風｜東京で初めてでも選ばれているStory東京本店","https://www.story-tokyo.com/diary/50/","初めてでも安心して選べる、東京の女風 Story東京本店","","DIARY写メ日記, 全国女性用風俗「Story(ストーリー)」","投稿セラピストCONTRIBUTORS",""
"口コミ 女風｜東京で初めてでも選ばれているStory東京本店","https://www.story-tokyo.com/review/57/","初めてでも安心して選べる、東京の女風 Story東京本店","","KUCHIKOMI口コミ, 全国女性用風俗「Story(ストーリー)」","口コミについてABOUT",""
"写メ日記 女風｜東京で初めてでも選ばれているStory東京本店","https://www.story-tokyo.com/diary/51/","初めてでも安心して選べる、東京の女風 Story東京本店","","DIARY写メ日記, 全国女性用風俗「Story(ストーリー)」","投稿セラピストCONTRIBUTORS",""
"口コミ 女風｜東京で初めてでも選ばれているStory東京本店","https://www.story-tokyo.com/review/58/","初めてでも安心して選べる、東京の女風 Story東京本店","","KUCHIKOMI口コミ, 全国女性用風俗「Story(ストーリー)」","口コミについてABOUT",""
"口コミ 女風｜東京で初めてでも選ばれているStory東京本店","https://www.story-tokyo.com/review/59/","初めてでも安心して選べる、東京の女風 Story東京本店","","KUCHIKOMI口コミ, 全国女性用風俗「Story(ストーリー)」","口コミについてABOUT",""
"写メ日記 女風｜東京で初めてでも選ばれているStory東京本店","https://www.story-tokyo.com/diary/52/","初めてでも安心して選べる、東京の女風 Story東京本店","","DIARY写メ日記, 全国女性用風俗「Story(ストーリー)」","投稿セラピストCONTRIBUTORS",""
"写メ日記 女風｜東京で初めてでも選ばれているStory東京本店","https://www.story-tokyo.com/diary/53/","初めてでも安心して選べる、東京の女風 Story東京本店","","DIARY写メ日記, 全国女性用風俗「Story(ストーリー)」","投稿セラピストCONTRIBUTORS",""
"口コミ 女風｜東京で初めてでも選ばれているStory東京本店","https://www.story-tokyo.com/review/60/","初めてでも安心して選べる、東京の女風 Story東京本店","","KUCHIKOMI口コミ, 全国女性用風俗「Story(ストーリー)」","口コミについてABOUT",""
"口コミ 女風｜東京で初めてでも選ばれているStory東京本店","https://www.story-tokyo.com/review/61/","初めてでも安心して選べる、東京の女風 Story東京本店","","KUCHIKOMI口コミ, 全国女性用風俗「Story(ストーリー)」","口コミについてABOUT",""
"写メ日記 女風｜東京で初めてでも選ばれているStory東京本店","https://www.story-tokyo.com/diary/54/","初めてでも安心して選べる、東京の女風 Story東京本店","","DIARY写メ日記, 全国女性用風俗「Story(ストーリー)」","投稿セラピストCONTRIBUTORS",""
"口コミ 女風｜東京で初めてでも選ばれているStory東京本店","https://www.story-tokyo.com/review/62/","初めてでも安心して選べる、東京の女風 Story東京本店","","KUCHIKOMI口コミ, 全国女性用風俗「Story(ストーリー)」","口コミについてABOUT",""
"写メ日記 女風｜東京で初めてでも選ばれているStory東京本店","https://www.story-tokyo.com/diary/55/","初めてでも安心して選べる、東京の女風 Story東京本店","","DIARY写メ日記, 全国女性用風俗「Story(ストーリー)」","投稿セラピストCONTRIBUTORS",""
"口コミ 女風｜東京で初めてでも選ばれているStory東京本店","https://www.story-tokyo.com/review/63/","初めてでも安心して選べる、東京の女風 Story東京本店","","KUCHIKOMI口コミ, 全国女性用風俗「Story(ストーリー)」","口コミについてABOUT",""
"口コミ 女風｜東京で初めてでも選ばれているStory東京本店","https://www.story-tokyo.com/review/64/","初めてでも安心して選べる、東京の女風 Story東京本店","","KUCHIKOMI口コミ, 全国女性用風俗「Story(ストーリー)」","口コミについてABOUT",""
"写メ日記 女風｜東京で初めてでも選ばれているStory東京本店","https://www.story-tokyo.com/diary/56/","初めてでも安心して選べる、東京の女風 Story東京本店","","DIARY写メ日記, 全国女性用風俗「Story(ストーリー)」","投稿セラピストCONTRIBUTORS",""
"口コミ 女風｜東京で初めてでも選ばれているStory東京本店","https://www.story-tokyo.com/review/66/","初めてでも安心して選べる、東京の女風 Story東京本店","","KUCHIKOMI口コミ, 全国女性用風俗「Story(ストーリー)」","口コミについてABOUT",""
"口コミ 女風｜東京で初めてでも選ばれているStory東京本店","https://www.story-tokyo.com/review/65/","初めてでも安心して選べる、東京の女風 Story東京本店","","KUCHIKOMI口コミ, 全国女性用風俗「Story(ストーリー)」","口コミについてABOUT",""
"写メ日記 女風｜東京で初めてでも選ばれているStory東京本店","https://www.story-tokyo.com/diary/57/","初めてでも安心して選べる、東京の女風 Story東京本店","","DIARY写メ日記, 全国女性用風俗「Story(ストーリー)」","投稿セラピストCONTRIBUTORS",""
"写メ日記 女風｜東京で初めてでも選ばれているStory東京本店","https://www.story-tokyo.com/diary/58/","初めてでも安心して選べる、東京の女風 Story東京本店","","DIARY写メ日記, 全国女性用風俗「Story(ストーリー)」","投稿セラピストCONTRIBUTORS",""
"口コミ 女風｜東京で初めてでも選ばれているStory東京本店","https://www.story-tokyo.com/review/67/","初めてでも安心して選べる、東京の女風 Story東京本店","","KUCHIKOMI口コミ, 全国女性用風俗「Story(ストーリー)」","口コミについてABOUT",""
"口コミ 女風｜東京で初めてでも選ばれているStory東京本店","https://www.story-tokyo.com/review/68/","初めてでも安心して選べる、東京の女風 Story東京本店","","KUCHIKOMI口コミ, 全国女性用風俗「Story(ストーリー)」","口コミについてABOUT",""
"写メ日記 女風｜東京で初めてでも選ばれているStory東京本店","https://www.story-tokyo.com/diary/59/","初めてでも安心して選べる、東京の女風 Story東京本店","","DIARY写メ日記, 全国女性用風俗「Story(ストーリー)」","投稿セラピストCONTRIBUTORS",""
"写メ日記 女風｜東京で初めてでも選ばれているStory東京本店","https://www.story-tokyo.com/diary/60/","初めてでも安心して選べる、東京の女風 Story東京本店","","DIARY写メ日記, 全国女性用風俗「Story(ストーリー)」","投稿セラピストCONTRIBUTORS",""
"口コミ 女風｜東京で初めてでも選ばれているStory東京本店","https://www.story-tokyo.com/review/69/","初めてでも安心して選べる、東京の女風 Story東京本店","","KUCHIKOMI口コミ, 全国女性用風俗「Story(ストーリー)」","口コミについてABOUT",""
"口コミ 女風｜東京で初めてでも選ばれているStory東京本店","https://www.story-tokyo.com/review/70/","初めてでも安心して選べる、東京の女風 Story東京本店","","KUCHIKOMI口コミ, 全国女性用風俗「Story(ストーリー)」","口コミについてABOUT",""
"写メ日記 女風｜東京で初めてでも選ばれているStory東京本店","https://www.story-tokyo.com/diary/61/","初めてでも安心して選べる、東京の女風 Story東京本店","","DIARY写メ日記, 全国女性用風俗「Story(ストーリー)」","投稿セラピストCONTRIBUTORS",""
"写メ日記 女風｜東京で初めてでも選ばれているStory東京本店","https://www.story-tokyo.com/diary/62/","初めてでも安心して選べる、東京の女風 Story東京本店","","DIARY写メ日記, 全国女性用風俗「Story(ストーリー)」","投稿セラピストCONTRIBUTORS",""
"口コミ 女風｜東京で初めてでも選ばれているStory東京本店","https://www.story-tokyo.com/review/72/","初めてでも安心して選べる、東京の女風 Story東京本店","","KUCHIKOMI口コミ, 全国女性用風俗「Story(ストーリー)」","口コミについてABOUT",""
"口コミ 女風｜東京で初めてでも選ばれているStory東京本店","https://www.story-tokyo.com/review/71/","初めてでも安心して選べる、東京の女風 Story東京本店","","KUCHIKOMI口コミ, 全国女性用風俗「Story(ストーリー)」","口コミについてABOUT",""
"写メ日記 女風｜東京で初めてでも選ばれているStory東京本店","https://www.story-tokyo.com/diary/63/","初めてでも安心して選べる、東京の女風 Story東京本店","","DIARY写メ日記, 全国女性用風俗「Story(ストーリー)」","投稿セラピストCONTRIBUTORS",""
"口コミ 女風｜東京で初めてでも選ばれているStory東京本店","https://www.story-tokyo.com/review/73/","初めてでも安心して選べる、東京の女風 Story東京本店","","KUCHIKOMI口コミ, 全国女性用風俗「Story(ストーリー)」","口コミについてABOUT",""
"写メ日記 女風｜東京で初めてでも選ばれているStory東京本店","https://www.story-tokyo.com/diary/64/","初めてでも安心して選べる、東京の女風 Story東京本店","","DIARY写メ日記, 全国女性用風俗「Story(ストーリー)」","投稿セラピストCONTRIBUTORS",""
"口コミ 女風｜東京で初めてでも選ばれているStory東京本店","https://www.story-tokyo.com/review/74/","初めてでも安心して選べる、東京の女風 Story東京本店","","KUCHIKOMI口コミ, 全国女性用風俗「Story(ストーリー)」","口コミについてABOUT",""
"写メ日記 女風｜東京で初めてでも選ばれているStory東京本店","https://www.story-tokyo.com/diary/65/","初めてでも安心して選べる、東京の女風 Story東京本店","","DIARY写メ日記, 全国女性用風俗「Story(ストーリー)」","投稿セラピストCONTRIBUTORS",""
"口コミ 女風｜東京で初めてでも選ばれているStory東京本店","https://www.story-tokyo.com/review/75/","初めてでも安心して選べる、東京の女風 Story東京本店","","KUCHIKOMI口コミ, 全国女性用風俗「Story(ストーリー)」","口コミについてABOUT",""
"口コミ 女風｜東京で初めてでも選ばれているStory東京本店","https://www.story-tokyo.com/review/76/","初めてでも安心して選べる、東京の女風 Story東京本店","","KUCHIKOMI口コミ, 全国女性用風俗「Story(ストーリー)」","口コミについてABOUT",""
"写メ日記 女風｜東京で初めてでも選ばれているStory東京本店","https://www.story-tokyo.com/diary/66/","初めてでも安心して選べる、東京の女風 Story東京本店","","DIARY写メ日記, 全国女性用風俗「Story(ストーリー)」","投稿セラピストCONTRIBUTORS",""
"写メ日記 女風｜東京で初めてでも選ばれているStory東京本店","https://www.story-tokyo.com/diary/67/","初めてでも安心して選べる、東京の女風 Story東京本店","","DIARY写メ日記, 全国女性用風俗「Story(ストーリー)」","投稿セラピストCONTRIBUTORS",""
"口コミ 女風｜東京で初めてでも選ばれているStory東京本店","https://www.story-tokyo.com/review/78/","初めてでも安心して選べる、東京の女風 Story東京本店","","KUCHIKOMI口コミ, 全国女性用風俗「Story(ストーリー)」","口コミについてABOUT",""
"口コミ 女風｜東京で初めてでも選ばれているStory東京本店","https://www.story-tokyo.com/review/77/","初めてでも安心して選べる、東京の女風 Story東京本店","","KUCHIKOMI口コミ, 全国女性用風俗「Story(ストーリー)」","口コミについてABOUT",""
"写メ日記 女風｜東京で初めてでも選ばれているStory東京本店","https://www.story-tokyo.com/diary/68/","初めてでも安心して選べる、東京の女風 Story東京本店","","DIARY写メ日記, 全国女性用風俗「Story(ストーリー)」","投稿セラピストCONTRIBUTORS",""
"口コミ 女風｜東京で初めてでも選ばれているStory東京本店","https://www.story-tokyo.com/review/80/","初めてでも安心して選べる、東京の女風 Story東京本店","","KUCHIKOMI口コミ, 全国女性用風俗「Story(ストーリー)」","口コミについてABOUT",""
"口コミ 女風｜東京で初めてでも選ばれているStory東京本店","https://www.story-tokyo.com/review/79/","初めてでも安心して選べる、東京の女風 Story東京本店","","KUCHIKOMI口コミ, 全国女性用風俗「Story(ストーリー)」","口コミについてABOUT",""
"写メ日記 女風｜東京で初めてでも選ばれているStory東京本店","https://www.story-tokyo.com/diary/69/","初めてでも安心して選べる、東京の女風 Story東京本店","","DIARY写メ日記, 全国女性用風俗「Story(ストーリー)」","投稿セラピストCONTRIBUTORS",""
"写メ日記 女風｜東京で初めてでも選ばれているStory東京本店","https://www.story-tokyo.com/diary/70/","初めてでも安心して選べる、東京の女風 Story東京本店","","DIARY写メ日記, 全国女性用風俗「Story(ストーリー)」","投稿セラピストCONTRIBUTORS",""
"口コミ 女風｜東京で初めてでも選ばれているStory東京本店","https://www.story-tokyo.com/review/81/","初めてでも安心して選べる、東京の女風 Story東京本店","","KUCHIKOMI口コミ, 全国女性用風俗「Story(ストーリー)」","口コミについてABOUT",""
"口コミ 女風｜東京で初めてでも選ばれているStory東京本店","https://www.story-tokyo.com/review/82/","初めてでも安心して選べる、東京の女風 Story東京本店","","KUCHIKOMI口コミ, 全国女性用風俗「Story(ストーリー)」","口コミについてABOUT",""
"写メ日記 女風｜東京で初めてでも選ばれているStory東京本店","https://www.story-tokyo.com/diary/71/","初めてでも安心して選べる、東京の女風 Story東京本店","","DIARY写メ日記, 全国女性用風俗「Story(ストーリー)」","投稿セラピストCONTRIBUTORS",""
"写メ日記 女風｜東京で初めてでも選ばれているStory東京本店","https://www.story-tokyo.com/diary/72/","初めてでも安心して選べる、東京の女風 Story東京本店","","DIARY写メ日記, 全国女性用風俗「Story(ストーリー)」","投稿セラピストCONTRIBUTORS",""
"口コミ 女風｜東京で初めてでも選ばれているStory東京本店","https://www.story-tokyo.com/review/83/","初めてでも安心して選べる、東京の女風 Story東京本店","","KUCHIKOMI口コミ, 全国女性用風俗「Story(ストーリー)」","口コミについてABOUT",""
"口コミ 女風｜東京で初めてでも選ばれているStory東京本店","https://www.story-tokyo.com/review/84/","初めてでも安心して選べる、東京の女風 Story東京本店","","KUCHIKOMI口コミ, 全国女性用風俗「Story(ストーリー)」","口コミについてABOUT",""
"写メ日記 女風｜東京で初めてでも選ばれているStory東京本店","https://www.story-tokyo.com/diary/73/","初めてでも安心して選べる、東京の女風 Story東京本店","","DIARY写メ日記, 全国女性用風俗「Story(ストーリー)」","投稿セラピストCONTRIBUTORS",""
"写メ日記 女風｜東京で初めてでも選ばれているStory東京本店","https://www.story-tokyo.com/diary/74/","初めてでも安心して選べる、東京の女風 Story東京本店","","DIARY写メ日記, 全国女性用風俗「Story(ストーリー)」","投稿セラピストCONTRIBUTORS",""
"口コミ 女風｜東京で初めてでも選ばれているStory東京本店","https://www.story-tokyo.com/review/86/","初めてでも安心して選べる、東京の女風 Story東京本店","","KUCHIKOMI口コミ, 全国女性用風俗「Story(ストーリー)」","口コミについてABOUT",""
"口コミ 女風｜東京で初めてでも選ばれているStory東京本店","https://www.story-tokyo.com/review/85/","初めてでも安心して選べる、東京の女風 Story東京本店","","KUCHIKOMI口コミ, 全国女性用風俗「Story(ストーリー)」","口コミについてABOUT",""
"写メ日記 女風｜東京で初めてでも選ばれているStory東京本店","https://www.story-tokyo.com/diary/75/","初めてでも安心して選べる、東京の女風 Story東京本店","","DIARY写メ日記, 全国女性用風俗「Story(ストーリー)」","投稿セラピストCONTRIBUTORS",""
"口コミ 女風｜東京で初めてでも選ばれているStory東京本店","https://www.story-tokyo.com/review/87/","初めてでも安心して選べる、東京の女風 Story東京本店","","KUCHIKOMI口コミ, 全国女性用風俗「Story(ストーリー)」","口コミについてABOUT",""
"口コミ 女風｜東京で初めてでも選ばれているStory東京本店","https://www.story-tokyo.com/review/88/","初めてでも安心して選べる、東京の女風 Story東京本店","","KUCHIKOMI口コミ, 全国女性用風俗「Story(ストーリー)」","口コミについてABOUT",""
"口コミ 女風｜東京で初めてでも選ばれているStory東京本店","https://www.story-tokyo.com/review/90/","初めてでも安心して選べる、東京の女風 Story東京本店","","KUCHIKOMI口コミ, 全国女性用風俗「Story(ストーリー)」","口コミについてABOUT",""
"口コミ 女風｜東京で初めてでも選ばれているStory東京本店","https://www.story-tokyo.com/review/89/","初めてでも安心して選べる、東京の女風 Story東京本店","","KUCHIKOMI口コミ, 全国女性用風俗「Story(ストーリー)」","口コミについてABOUT",""
"口コミ 女風｜東京で初めてでも選ばれているStory東京本店","https://www.story-tokyo.com/review/91/","初めてでも安心して選べる、東京の女風 Story東京本店","","KUCHIKOMI口コミ, 全国女性用風俗「Story(ストーリー)」","口コミについてABOUT",""
"口コミ 女風｜東京で初めてでも選ばれているStory東京本店","https://www.story-tokyo.com/review/92/","初めてでも安心して選べる、東京の女風 Story東京本店","","KUCHIKOMI口コミ, 全国女性用風俗「Story(ストーリー)」","口コミについてABOUT",""
"口コミ 女風｜東京で初めてでも選ばれているStory東京本店","https://www.story-tokyo.com/review/93/","初めてでも安心して選べる、東京の女風 Story東京本店","","KUCHIKOMI口コミ, 全国女性用風俗「Story(ストーリー)」","口コミについてABOUT",""
"口コミ 女風｜東京で初めてでも選ばれているStory東京本店","https://www.story-tokyo.com/review/94/","初めてでも安心して選べる、東京の女風 Story東京本店","","KUCHIKOMI口コミ, 全国女性用風俗「Story(ストーリー)」","口コミについてABOUT",""
"口コミ 女風｜東京で初めてでも選ばれているStory東京本店","https://www.story-tokyo.com/review/95/","初めてでも安心して選べる、東京の女風 Story東京本店","","KUCHIKOMI口コミ, 全国女性用風俗「Story(ストーリー)」","口コミについてABOUT",""
"口コミ 女風｜東京で初めてでも選ばれているStory東京本店","https://www.story-tokyo.com/review/96/","初めてでも安心して選べる、東京の女風 Story東京本店","","KUCHIKOMI口コミ, 全国女性用風俗「Story(ストーリー)」","口コミについてABOUT",""
"口コミ 女風｜東京で初めてでも選ばれているStory東京本店","https://www.story-tokyo.com/review/97/","初めてでも安心して選べる、東京の女風 Story東京本店","","KUCHIKOMI口コミ, 全国女性用風俗「Story(ストーリー)」","口コミについてABOUT",""
"口コミ 女風｜東京で初めてでも選ばれているStory東京本店","https://www.story-tokyo.com/review/98/","初めてでも安心して選べる、東京の女風 Story東京本店","","KUCHIKOMI口コミ, 全国女性用風俗「Story(ストーリー)」","口コミについてABOUT",""
"口コミ 女風｜東京で初めてでも選ばれているStory東京本店","https://www.story-tokyo.com/review/99/","初めてでも安心して選べる、東京の女風 Story東京本店","","KUCHIKOMI口コミ, 全国女性用風俗「Story(ストーリー)」","口コミについてABOUT",""
"口コミ 女風｜東京で初めてでも選ばれているStory東京本店","https://www.story-tokyo.com/review/100/","初めてでも安心して選べる、東京の女風 Story東京本店","","KUCHIKOMI口コミ, 全国女性用風俗「Story(ストーリー)」","口コミについてABOUT",""
"口コミ 女風｜東京で初めてでも選ばれているStory東京本店","https://www.story-tokyo.com/review/102/","初めてでも安心して選べる、東京の女風 Story東京本店","","KUCHIKOMI口コミ, 全国女性用風俗「Story(ストーリー)」","口コミについてABOUT",""
"口コミ 女風｜東京で初めてでも選ばれているStory東京本店","https://www.story-tokyo.com/review/101/","初めてでも安心して選べる、東京の女風 Story東京本店","","KUCHIKOMI口コミ, 全国女性用風俗「Story(ストーリー)」","口コミについてABOUT",""
"口コミ 女風｜東京で初めてでも選ばれているStory東京本店","https://www.story-tokyo.com/review/104/","初めてでも安心して選べる、東京の女風 Story東京本店","","KUCHIKOMI口コミ, 全国女性用風俗「Story(ストーリー)」","口コミについてABOUT",""
"口コミ 女風｜東京で初めてでも選ばれているStory東京本店","https://www.story-tokyo.com/review/103/","初めてでも安心して選べる、東京の女風 Story東京本店","","KUCHIKOMI口コミ, 全国女性用風俗「Story(ストーリー)」","口コミについてABOUT",""
"口コミ 女風｜東京で初めてでも選ばれているStory東京本店","https://www.story-tokyo.com/review/105/","初めてでも安心して選べる、東京の女風 Story東京本店","","KUCHIKOMI口コミ, 全国女性用風俗「Story(ストーリー)」","口コミについてABOUT",""
"口コミ 女風｜東京で初めてでも選ばれているStory東京本店","https://www.story-tokyo.com/review/106/","初めてでも安心して選べる、東京の女風 Story東京本店","","KUCHIKOMI口コミ, 全国女性用風俗「Story(ストーリー)」","口コミについてABOUT",""
"口コミ 女風｜東京で初めてでも選ばれているStory東京本店","https://www.story-tokyo.com/review/107/","初めてでも安心して選べる、東京の女風 Story東京本店","","KUCHIKOMI口コミ, 全国女性用風俗「Story(ストーリー)」","口コミについてABOUT",""
"口コミ 女風｜東京で初めてでも選ばれているStory東京本店","https://www.story-tokyo.com/review/108/","初めてでも安心して選べる、東京の女風 Story東京本店","","KUCHIKOMI口コミ, 全国女性用風俗「Story(ストーリー)」","口コミについてABOUT",""
"口コミ 女風｜東京で初めてでも選ばれているStory東京本店","https://www.story-tokyo.com/review/110/","初めてでも安心して選べる、東京の女風 Story東京本店","","KUCHIKOMI口コミ, 全国女性用風俗「Story(ストーリー)」","口コミについてABOUT",""
"口コミ 女風｜東京で初めてでも選ばれているStory東京本店","https://www.story-tokyo.com/review/109/","初めてでも安心して選べる、東京の女風 Story東京本店","","KUCHIKOMI口コミ, 全国女性用風俗「Story(ストーリー)」","口コミについてABOUT",""
"口コミ 女風｜東京で初めてでも選ばれているStory東京本店","https://www.story-tokyo.com/review/112/","初めてでも安心して選べる、東京の女風 Story東京本店","","KUCHIKOMI口コミ, 全国女性用風俗「Story(ストーリー)」","口コミについてABOUT",""
"口コミ 女風｜東京で初めてでも選ばれているStory東京本店","https://www.story-tokyo.com/review/111/","初めてでも安心して選べる、東京の女風 Story東京本店","","KUCHIKOMI口コミ, 全国女性用風俗「Story(ストーリー)」","口コミについてABOUT",""
"口コミ 女風｜東京で初めてでも選ばれているStory東京本店","https://www.story-tokyo.com/review/114/","初めてでも安心して選べる、東京の女風 Story東京本店","","KUCHIKOMI口コミ, 全国女性用風俗「Story(ストーリー)」","口コミについてABOUT",""
"口コミ 女風｜東京で初めてでも選ばれているStory東京本店","https://www.story-tokyo.com/review/113/","初めてでも安心して選べる、東京の女風 Story東京本店","","KUCHIKOMI口コミ, 全国女性用風俗「Story(ストーリー)」","口コミについてABOUT",""
"口コミ 女風｜東京で初めてでも選ばれているStory東京本店","https://www.story-tokyo.com/review/115/","初めてでも安心して選べる、東京の女風 Story東京本店","","KUCHIKOMI口コミ, 全国女性用風俗「Story(ストーリー)」","口コミについてABOUT",""
"口コミ 女風｜東京で初めてでも選ばれているStory東京本店","https://www.story-tokyo.com/review/116/","初めてでも安心して選べる、東京の女風 Story東京本店","","KUCHIKOMI口コミ, 全国女性用風俗「Story(ストーリー)」","口コミについてABOUT",""
"口コミ 女風｜東京で初めてでも選ばれているStory東京本店","https://www.story-tokyo.com/review/118/","初めてでも安心して選べる、東京の女風 Story東京本店","","KUCHIKOMI口コミ, 全国女性用風俗「Story(ストーリー)」","口コミについてABOUT",""
"口コミ 女風｜東京で初めてでも選ばれているStory東京本店","https://www.story-tokyo.com/review/117/","初めてでも安心して選べる、東京の女風 Story東京本店","","KUCHIKOMI口コミ, 全国女性用風俗「Story(ストーリー)」","口コミについてABOUT",""
"口コミ 女風｜東京で初めてでも選ばれているStory東京本店","https://www.story-tokyo.com/review/119/","初めてでも安心して選べる、東京の女風 Story東京本店","","KUCHIKOMI口コミ, 全国女性用風俗「Story(ストーリー)」","口コミについてABOUT",""
"口コミ 女風｜東京で初めてでも選ばれているStory東京本店","https://www.story-tokyo.com/review/120/","初めてでも安心して選べる、東京の女風 Story東京本店","","KUCHIKOMI口コミ, 全国女性用風俗「Story(ストーリー)」","口コミについてABOUT",""
"口コミ 女風｜東京で初めてでも選ばれているStory東京本店","https://www.story-tokyo.com/review/122/","初めてでも安心して選べる、東京の女風 Story東京本店","","KUCHIKOMI口コミ, 全国女性用風俗「Story(ストーリー)」","口コミについてABOUT",""
"口コミ 女風｜東京で初めてでも選ばれているStory東京本店","https://www.story-tokyo.com/review/121/","初めてでも安心して選べる、東京の女風 Story東京本店","","KUCHIKOMI口コミ, 全国女性用風俗「Story(ストーリー)」","口コミについてABOUT",""
"口コミ 女風｜東京で初めてでも選ばれているStory東京本店","https://www.story-tokyo.com/review/124/","初めてでも安心して選べる、東京の女風 Story東京本店","","KUCHIKOMI口コミ, 全国女性用風俗「Story(ストーリー)」","口コミについてABOUT",""
"口コミ 女風｜東京で初めてでも選ばれているStory東京本店","https://www.story-tokyo.com/review/123/","初めてでも安心して選べる、東京の女風 Story東京本店","","KUCHIKOMI口コミ, 全国女性用風俗「Story(ストーリー)」","口コミについてABOUT",""
"口コミ 女風｜東京で初めてでも選ばれているStory東京本店","https://www.story-tokyo.com/review/125/","初めてでも安心して選べる、東京の女風 Story東京本店","","KUCHIKOMI口コミ, 全国女性用風俗「Story(ストーリー)」","口コミについてABOUT",""
"口コミ 女風｜東京で初めてでも選ばれているStory東京本店","https://www.story-tokyo.com/review/126/","初めてでも安心して選べる、東京の女風 Story東京本店","","KUCHIKOMI口コミ, 全国女性用風俗「Story(ストーリー)」","口コミについてABOUT",""
"口コミ 女風｜東京で初めてでも選ばれているStory東京本店","https://www.story-tokyo.com/review/128/","初めてでも安心して選べる、東京の女風 Story東京本店","","KUCHIKOMI口コミ, 全国女性用風俗「Story(ストーリー)」","口コミについてABOUT",""
"口コミ 女風｜東京で初めてでも選ばれているStory東京本店","https://www.story-tokyo.com/review/127/","初めてでも安心して選べる、東京の女風 Story東京本店","","KUCHIKOMI口コミ, 全国女性用風俗「Story(ストーリー)」","口コミについてABOUT",""
"口コミ 女風｜東京で初めてでも選ばれているStory東京本店","https://www.story-tokyo.com/review/130/","初めてでも安心して選べる、東京の女風 Story東京本店","","KUCHIKOMI口コミ, 全国女性用風俗「Story(ストーリー)」","口コミについてABOUT",""
"口コミ 女風｜東京で初めてでも選ばれているStory東京本店","https://www.story-tokyo.com/review/129/","初めてでも安心して選べる、東京の女風 Story東京本店","","KUCHIKOMI口コミ, 全国女性用風俗「Story(ストーリー)」","口コミについてABOUT",""
"口コミ 女風｜東京で初めてでも選ばれているStory東京本店","https://www.story-tokyo.com/review/132/","初めてでも安心して選べる、東京の女風 Story東京本店","","KUCHIKOMI口コミ, 全国女性用風俗「Story(ストーリー)」","口コミについてABOUT",""
"口コミ 女風｜東京で初めてでも選ばれているStory東京本店","https://www.story-tokyo.com/review/131/","初めてでも安心して選べる、東京の女風 Story東京本店","","KUCHIKOMI口コミ, 全国女性用風俗「Story(ストーリー)」","口コミについてABOUT",""
"口コミ 女風｜東京で初めてでも選ばれているStory東京本店","https://www.story-tokyo.com/review/133/","初めてでも安心して選べる、東京の女風 Story東京本店","","KUCHIKOMI口コミ, 全国女性用風俗「Story(ストーリー)」","口コミについてABOUT",""
